	Metabolite	p_Group	p_Hour	p_Interaction	p_Group_adj	p_Hour_adj	p_Interaction_adj
0	Lysinium	0.7491131326483098	0.0006508827362917079	0.3306511090007802	0.9802962639759304	0.0014929622763691051	0.48346198009277425
1	Histidine	0.6688402612183719	4.1216894696918e-21	0.6209173671676	0.9802962639759304	4.70988085367718e-19	0.7098961799081284
2	Arginine	0.6532106776628771	0.016070699499323823	0.7017968500370244	0.9802962639759304	0.028085460553580202	0.7619876912412087
3	N-[2-(1H-imidazol-5-yl)ethyl]propan-2-amine	0.6851173128589263	0.00010255912091928143	0.41141473394405437	0.9802962639759304	0.00028088953266698717	0.5450873911821947
4	Cholinum	0.4552884062600455	5.017309351271266e-16	0.07649788681876454	0.9802962639759304	1.4164250245511959e-14	0.1995519353192121
5	4-aminobutanoate	0.8026319967506514	0.03826805591337974	0.41878610303580444	0.9802962639759304	0.06079816675415743	0.5478355551804419
6	Glutamin	0.3088761873475139	0.03337697159569406	0.07420520617033367	0.9802962639759304	0.05438473381053936	0.19835719859471002
7	Carnitin	0.5292438213045657	2.5664321246393594e-12	0.10895714721697967	0.9802962639759304	3.363859249080874e-11	0.2423471092644336
8	2-aminoethyl methyl phosphate	0.05099229910784187	0.0010410498046481203	0.1289039563870446	0.8680972185363263	0.0022878160377596416	0.270330011394545
9	Choline alfoscerate	0.9566812927495258	0.05638195830949128	0.670660745309443	0.9922199252459547	0.0845229220619106	0.7402104608282821
10	Threonin	0.6143602192162175	2.7215538003222015e-10	0.645486841304058	0.9802962639759304	1.816018626760451e-09	0.7244454763259611
11	L-citrulline	0.599660839452772	0.06112140784262826	0.20162309692321556	0.9802962639759304	0.0904498253155023	0.340993901248019
12	Glutamat	0.826950017032912	0.0016661293175090517	0.7635920047076528	0.9802962639759304	0.0034941111972904113	0.8122848281962567
13	Ononitol						
14	Trigonelline	0.6119355119083733	0.5587942889432269	0.0518629938273809	0.9802962639759304	0.5996418246846908	0.15554654470352894
15	5-Hydroxymethylfurfural	0.028966037068490533	0.0661900564473539	0.04913591213125107	0.850424807503545	0.09639583617531301	0.15412717736896703
16	n5-acetyl-l-ornithine	0.5474666875005847	0.00014538115855813047	0.14672075858367917	0.9802962639759304	0.00038384809489808554	0.2932889034408915
17	Adenine	0.6577421706663089	0.006577189116713839	0.16776625217450503	0.9802962639759304	0.012409663708371866	0.30785107274021667
18	2,1-Benzoxaborole, 4-fluoro-1,3-dihydro-1-hydroxy-	0.9135110289119169	0.3470691128831128	0.4096420781375266	0.9922199252459547	0.4018118751675155	0.5447052270886676
19	Imidazole-4-acrylic acid	0.349956806911635	0.0011960009441005102	0.03421422421503728	0.9802962639759304	0.0025972328194372027	0.12190893482445324
20	O-acetyl-L-carnitine	0.01490191346637621	0.12433504605180314	4.7092853680867843e-07	0.5738607814556462	0.16355183477065144	5.2941708108629824e-05
21	Pyridoxine (vitamin B6)	0.5466442395247723	1.841239063331771e-05	0.15024063718497985	0.9802962639759304	5.704649106254441e-05	0.2932889034408915
22	Adenine arabinoside	0.908850698204747	0.1016271322632155	0.8741377636633129	0.9922199252459547	0.13968972861647974	0.893617156725448
23	D-pipecolate	0.3903657277231172	0.0003631107421151007	0.15345751177422384	0.9802962639759304	0.000888410949041613	0.2964152990586324
24	Uracil	0.8197193567841379	7.083233165976701e-06	0.4362555291306822	0.9802962639759304	2.452402426333443e-05	0.5598104167516097
25	piperidine-2,6-dicarboxylate	0.5132420595554263	0.283758024817403	0.2530956992332519	0.9802962639759304	0.33377947149995796	0.39526009199405726
26	Nicotinate	0.31256258822159544	8.307206504699479e-08	0.09177019711995354	0.9802962639759304	3.859170616740138e-07	0.21978740605718305
27	DL-methionine	0.5807934164500046	1.0248017288864409e-10	0.092825743702625	0.9802962639759304	7.83546321877758e-10	0.21978740605718305
28	Xanthine	0.5840939379638682	8.413947040180523e-06	0.5485822443093419	0.9802962639759304	2.832952810776378e-05	0.6533138066753766
29	Pidolate	0.8419384250659876	2.4004678051348224e-06	0.542865801371486	0.9809644632238368	9.176788380046665e-06	0.6517517921223747
30	Hypoxanthine	0.8236522514851683	0.0065936905262466315	0.36677055180718	0.9802962639759304	0.012409663708371866	0.5177107404355195
31	Isonicotinamide	0.7981427284488931	0.013000182616104333	0.7828464136380058	0.9802962639759304	0.0231605195150985	0.8279672443952396
32	Tyrosine	0.3318068020853734	3.3001618475027334e-05	0.18111170658525189	0.9802962639759304	9.846824374256123e-05	0.3187094227225914
33	Phenacylamine	0.28239950737357533	9.064125940134996e-05	0.1415883168280014	0.9802962639759304	0.0002501153548894393	0.2870879131263896
34	Coumarate	0.25814948610811095	5.26455991166626e-05	0.11285131836748762	0.9802962639759304	0.00015094480371730606	0.24506765586312398
35	Tyramine 	0.294837193362536	5.837390068132988e-10	0.010893150735585989	0.9802962639759304	3.693658887939322e-09	0.05260245157842181
36	4-Vinylphenol	0.3091919135518718	2.2860229387610208e-10	0.01081329619212038	0.9802962639759304	1.55364892319499e-09	0.05260245157842181
37	Isoleucine	0.5071875182429935	1.910913319238306e-10	0.11041528841866578	0.9802962639759304	1.3232173361518082e-09	0.24411090873283336
38	Thymine	0.5873067092297239	2.181895331558971e-08	0.2601275981235357	0.9802962639759304	1.112160537058531e-07	0.40112112819889745
39	L-Norleucine	0.4456508533977056	0.08510590842051166	0.34993945519353875	0.9802962639759304	0.120594086449142	0.5036383531608969
40	Adipo-2,6-lactam	0.4263742186647598	0.002295333940641193	0.1738248559705421	0.9802962639759304	0.004759251730030044	0.31271432422151446
41	H-Glu-Tyr-OH						
42	Indoline	0.966689130521156	1.4831396889824817e-05	0.828504518265338	0.9922199252459547	4.6923471194531965e-05	0.8589298254332741
43	DL-Phenylalanine (Sabiden)	0.7338275365469789	2.399139253427795e-05	0.4050624350023644	0.9802962639759304	7.337367550066673e-05	0.543714016810989
44	Vitamin B5	0.18262528758148389	0.22862340139803283	0.11257793266582357	0.9802962639759304	0.27600259313512515	0.24506765586312398
45	3-hydroxyanthranilic acid	0.7336266156786583	0.005263327546638328	0.22140884026687746	0.9802962639759304	0.01038516779363584	0.36660391666831704
46	Phenethylamine	0.1499501784888586	6.380248355410674e-06	0.005806883769191115	0.9802962639759304	2.2514914869574203e-05	0.03228979308019908
47	Styrene	0.15539766365954422	1.008706740633846e-05	0.006689370709050241	0.9802962639759304	3.276065254978951e-05	0.0361029272091388
48	Vitamin L2	0.4275997396855913	1.095017646223863e-07	0.0917180167998319	0.9802962639759304	4.900871660538509e-07	0.21978740605718305
49	3-indoleacrylate	0.9766324604342673	1.2477564259687072e-10	0.6149917506353635	0.9922199252459547	9.34544098633705e-10	0.7053186640099325
50	DL-Tryptophan	0.9914957325698015	8.400629671275659e-11	0.5869614682019443	0.9922199252459547	6.70224149860471e-10	0.6837984369102131
51	Indole-3-carboxaldehyde	0.823557142898238	8.151613580253409e-11	0.4188932738850306	0.9802962639759304	6.64809374211778e-10	0.5478355551804419
52	Indole	0.7854929809073723	5.23170320953222e-09	0.40741513521259387	0.9802962639759304	2.865723996863171e-08	0.543714016810989
53	3-ethenyl-1H-indole	0.9069441106324757	2.3097677587584585e-07	0.5764727540970849	0.9922199252459547	9.524547949037688e-07	0.6780945536975325
54	Isoleucylproline	0.8913583438373409	0.004391606151952297	0.35752626095668705	0.9922199252459547	0.008711997069008071	0.5105530652572146
55	Methyl L-leucinate	0.5864810599348237	2.3357886536095753e-06	0.033219893839751546	0.9802962639759304	9.02352037762857e-06	0.11952648077636095
56	6-(2-oxopyrrolidin-1-yl)hexanoic acid	0.6934744482634165	0.16281001203855827	0.32369321910688265	0.9802962639759304	0.21039181133151721	0.47709000567159005
57	Kaempferol 3-(3Rha-glucosylrutinoside)						
58	(4S)-4-amino-5-[[(1S)-1-carboxy-2-phenylethyl]amino]-5-oxopentanoic acid	0.44134902952000177	0.020277309204615214	0.1007310513347233	0.9802962639759304	0.03429388238752896	0.22961674434685375
59	Phenylalanylproline	0.8832165067705608	0.05345348518412078	0.4067140597009977	0.9922199252459547	0.08140012059158641	0.543714016810989
60	Isovalerylcarnitine	0.8014146718093618	1.1687133958567312e-07	0.4920169826905544	0.9802962639759304	5.167684533486992e-07	0.6155025457097375
61	Leucyl-Isoleucine 	0.3388672009809367	3.454033752232617e-05	0.017161119752139006	0.9802962639759304	0.00010222825702172341	0.07156966987539791
62	3-methyl-2-[(3-methylfuran-2-carbonyl)amino]pentanoic acid	0.44290612732792634	8.508768854920255e-05	0.03598332917270102	0.9802962639759304	0.00023837543280578118	0.12341945613440444
63	Ethyl 2-amino-4-methylpentanoate	0.6510850029487311	7.558132551273765e-06	0.04425055375844477	0.9802962639759304	2.592368828334086e-05	0.14137993456925152
64	Glycitin	0.02801536459206001	0.11541594442019983	0.11376550209104751	0.850424807503545	0.15402782400804851	0.24559964274949667
65	Daidzin	0.06623085046053716	0.0010228526014854245	0.1394892435784647	0.8680972185363263	0.002261366896055125	0.28440306885164746
66	Tetrahydroharman-3-carboxylic acid	0.4195902280855007	0.005902428778039054	0.051561928731178215	0.9802962639759304	0.011461329955239853	0.15554654470352894
67	Tetramethylpyrazine	0.34825109646144603	0.003882074403621991	0.041168062453521705	0.9802962639759304	0.007828139044666322	0.13735162654947697
68	L-phenylalanyl-L-leucine	0.21802903044587874	4.486875147631946e-05	0.0046478079893665595	0.9802962639759304	0.00012966009284889166	0.02829082487040285
69	Jasmonate						
70	2-(4-aminoanilino)propanoate	0.34151557548916656	0.0009560800842384199	0.03271532067631688	0.9802962639759304	0.0021312601772832066	0.11952648077636095
71	|A-(Methylamino)-3-pyridinebutanoic Acid	0.27254430159278475	0.0016146252923880647	0.027594311850474378	0.9802962639759304	0.0034252455624648537	0.10440322112499069
72	Malonyldaidzin	0.10639331991938067	0.26567400480806613	0.030770913547705944	0.9802962639759304	0.3165661031316892	0.11523393134702124
73	Malonylglycitin						
74	Genistin	0.06325733591268848	0.006106292752325198	0.14341192547023168	0.8680972185363263	0.011733033717818574	0.2891877837778848
75	Homoplantaginin						
76	(2E,6E)-5,8-dihydroxydodeca-2,6-dienoic acid						
77	2-Vinylquinoline	0.9652700372487671	2.4448760483856725e-05	0.5434224751756039	0.9922199252459547	7.415450493863982e-05	0.6517517921223747
78	6''-O-acetyldaidzin	0.0021740071095934558	1.2923230986885499e-05	0.00014862781100259475	0.17203995873155215	4.12419632364085e-05	0.002371582897302273
79	N-Acetylisoleucine	0.33914545166152277	0.0008789580721209319	0.04588410956966435	0.9802962639759304	0.001979003757474736	0.1451678294143691
80	Coumarin						
81	 4-Hydroxy Cinnamic Acid						
82	Malonylgenistin	0.1001217898034877	0.2999796304532071	0.038151644085933405	0.9802962639759304	0.3495000773851651	0.1284555355920877
83	1-benzyl-4-prop-2-ynylpiperazine	0.3441842543469723	0.022163835516291898	0.10576156054346207	0.9802962639759304	0.036973307429450576	0.23812572220521827
84	4,4'-diaminoazobenzene	0.7387681948814864	0.2254527768236041	0.40365033572015974	0.9802962639759304	0.2749907245217494	0.543714016810989
85	1-methyl-N-(pyridin-2-ylmethyl)benzimidazol-2-amine	0.7329565995187413	0.22703593877408546	0.3929909654784032	0.9802962639759304	0.2749907245217494	0.5381630012334903
86	N-acetyl-L-phenylalanine	0.8496250534003807	3.805416057016557e-06	0.8600706283003112	0.9861276470458823	1.4106946393182592e-05	0.8816925156039503
87	6''-O-acetylgenistin	0.002301002768977596	4.4196922716931936e-05	0.00039694583334458247	0.17203995873155215	0.00012873230664376206	0.004414518813256417
88	4-Dimethylamino-L-phenylalanine	0.28573151623097837	0.0005988889252746185	0.015229574723210034	0.9802962639759304	0.0014089245870242627	0.06530067597837859
89	(1-(3-Oxo-2-aza-spiro(4.5)dec-2-ylmethyl)-cyclohexyl)-acetic acid	0.1620018570516546	2.6029431458141163e-11	0.00024214956178659095	0.9802962639759304	2.3882003362844517e-10	0.0031738888991313884
90	Trimethyl-pyrazine	0.4130311019894388	0.0012943437209762892	0.022910381008409766	0.9802962639759304	0.002794259679989989	0.09139249815311287
91	 O-octanoylcarnitine	0.3600755022334904	0.000624913390963344	0.05375929973614226	0.9802962639759304	0.0014515393321743498	0.1591101855093888
92	Daidzein	0.6545590277779345	0.0001894248301315715	0.9065582481320722	0.9802962639759304	0.0004895698074527235	0.9190797708963273
93	N-(5-{[1,3-dioxo-2-(4-pyridylcarbonylamino)benzo[c]azolidin-5-yl]carbonyl}-1,3-dioxobenzo[c]azolin-2-yl)-4-pyridylcarboxamide	0.01563653355464976	4.215400531144195e-06	0.5351096983941253	0.5738607814556462	1.5470519949299195e-05	0.6460041424692236
94	2,3-dimethyl-5-isopropylpyrazine	0.2445775539114896	0.00023191134353097874	0.009236393015597096	0.9802962639759304	0.0005951850564746098	0.046435016941426495
95	alfa-Cyperone	0.49475207700017276	0.00047181724694609706	0.28191371206834104	0.9802962639759304	0.0011317446380994616	0.4293042835231583
96	Glycetein	0.012590656084443735	1.9275045225695296e-06	0.4194599209964691	0.5738607814556462	7.525469784925716e-06	0.5478355551804419
97	5-Ethyl-2,3-dimethylpyrazine	0.2876462967113589	1.8497363587037562e-05	0.004893829790916723	0.9802962639759304	5.704649106254441e-05	0.02850850052803869
98	Maltol acetate	0.6533673290059698	0.010261077520887688	0.18614579560896205	0.9802962639759304	0.018642650743394957	0.32531193804042413
99	9-(nonanoylamino)nonanoic Acid	0.23159896182056205	1.2444717942115115e-07	0.012231199101105834	0.9802962639759304	5.437156529471723e-07	0.05658496730600541
100	Genistein	0.4523084305536097	0.00029918248174035344	0.7668186474887642	0.9802962639759304	0.0007520545945117104	0.8133596636658278
101	N-(3-hydroxy-4-methoxyphenyl)-3-nitro-4-(trifluoromethoxy)benzenesulfonamide	0.36445635000981713	0.03925148171539805	0.9797508609282033	0.9802962639759304	0.062091783575651226	0.9824277758487722
102	2-[[2-[(2-amino-3-methylpentanoyl)amino]-3-hydroxybutanoyl]amino]-3-hydroxypropanoic acid	0.608649700527433	9.643718928728556e-06	0.5832198599922855	0.9802962639759304	3.172184484868924e-05	0.6816614287170981
103	Pratensein	0.41406002051974	1.8012166661692875e-07	0.3369062608742599	0.9802962639759304	7.686587400978239e-07	0.4906531656383071
104	Sedanolide	0.23168367049289285	6.634158412177236e-06	0.0003921396673797487	0.9802962639759304	2.3187963212086148e-05	0.004414518813256417
105	Soyasaponin V	0.7811470655564194	0.00011467644034289645	0.1593440731810042	0.9802962639759304	0.00030945774710178676	0.3009156619402351
106	N-[bis(4-dimethylaminophenyl)methylene]aniline	0.7400594104417997	0.22663609148930486	0.3905792002154205	0.9802962639759304	0.2749907245217494	0.5381630012334903
107	(8R,9S,10R,13S,14S,17S)-17-hydroxy-13-methyl-2,4,7,8,9,10,11,12,14,15,16,17-dodecahydro-1H-cyclopenta[a]phenanthren-3-one	0.918926864742945	0.4753708144314208	0.8583114594269963	0.9922199252459547	0.5207793698397953	0.8816925156039503
108	Soyasaponin I	0.7664496100445262	7.401543293565957e-12	0.008103900119959156	0.9802962639759304	7.989312908055019e-11	0.04186709191235664
109	(2S)-N-[(2S)-5-(diaminomethylideneamino)-1-oxopentan-2-yl]-1-[(2R)-pyrrolidine-2-carbonyl]pyrrolidine-2-carboxamide	0.22297077651819386	0.0003559626938127329	0.011573108092289812	0.9802962639759304	0.0008767671720085435	0.05516013856974495
110	[(2S,3S,5R)-3-azido-5-(5-methyl-2,4-dioxopyrimidin-1-yl)oxolan-2-yl]methyl (4-nitrophenyl)methyl phenyl phosphate						
111	Biochanin B	0.05251622425174112	0.6885682822021382	0.14951965505237033	0.8680972185363263	0.7240818325735952	0.2932889034408915
112	N-[(3R)-7-bromo-1-methyl-2-oxo-3,4-dihydro-1,5-naphthyridin-3-yl]-methylboronamidic acid						
113	Oxamic acid derivative, 1						
114	Soyasaponin II	0.4283010800028674	8.972592576156882e-17	0.0010369142954724736	0.9802962639759304	3.658823861610639e-15	0.008849942940427857
115	Somatotropin (6-13)	0.7932667936718235	7.913425634095558e-16	0.007223512014286379	0.9802962639759304	1.8151420048206687e-14	0.037939311973947204
116	Oleanolic aldehyde	0.3584439115385981	6.966931060708394e-16	0.0006925500284682936	0.9802962639759304	1.704575799519987e-14	0.006688575274943783
117	[(2R,4aR,6aR,6aS,6bR,8aR,9S,10S,12aR,14bS)-10-acetyloxy-9-(acetyloxymethyl)-2,4a,6a,6b,9,12a-hexamethyl-4-oxo-3,5,6,6a,7,8,8a,10,11,12,13,14b-dodecahydro-1H-picen-2-yl]methyl acetate	0.5130218498179678	1.0860606283469373e-13	0.004702289692355787	0.9802962639759304	1.99292125301663e-12	0.02829082487040285
118	1-cyclohexylbenzimidazole-2-thiol						
119	Soyasaponin III	0.560856415321472	1.7090632795361323e-16	0.0023428015228147115	0.9802962639759304	6.272262235897606e-15	0.01563287561587271
120	2,2'-[(Dodecylimino)bis(ethyleneoxy)]diethan	0.009692961705495717	0.006934941391025748	0.7452167070182509	0.5081881351309897	0.012985323931155354	0.7950422426619131
121	4-[N-benzyl-C-[4-(dimethylamino)phenyl]carbonimidoyl]-N,N-dimethylaniline	0.7120098471598018	0.21532859944900284	0.36261308743198617	0.9802962639759304	0.2687945442101498	0.5138185447395326
122	Soyasaponin IV	0.3391370397786798	2.235972288247149e-19	0.0006329921932109594	0.9802962639759304	1.6412036595734073e-17	0.006278598240768164
123	N-[3-[3-aminopropyl(methyl)amino]propyl]octadec-9-enamide	0.989630593381055	0.09089718163100263	0.25708779777006185	0.9922199252459547	0.12732544144495406	0.3989208125232188
124	methyl 7-[(1R,2S,3R)-3-hydroxy-2-[(3S)-3-hydroxyoct-1-ynyl]-5-oxocyclopentyl]heptanoate	0.8085494103770234	0.18781446578725514	0.3957038890853155	0.9802962639759304	0.23768244463421598	0.539292656363217
125	2-(4-Methoxyphenyl)-2H-1,2,3-benzotriazol-5-ylamine	0.7329565995187468	0.22703593877408734	0.39299096547840706	0.9802962639759304	0.2749907245217494	0.5381630012334903
126	Pyoctanin	0.7012208590033424	0.21385617044668337	0.3553282013818736	0.9802962639759304	0.26786762646393447	0.5093962886997954
127	7-O-Ethyldaidzein						
128	Dibutyl 3-oxopentanedioate	0.34695045373806643	1.6881367033431056e-08	0.061069879113219115	0.9802962639759304	8.726002396153799e-08	0.17509879401993295
129	5-butoxy-3-butoxycarbonyl-3-hydroxy-5-oxopentanoic acid	0.24368878696028584	6.1053093749864376e-12	0.014865639894363025	0.9802962639759304	7.00202668943757e-11	0.06494868858608607
130	Betulonaldehyde						
131	2-(2,4-Dinitroanilino)-2-(hydroxymethyl)propane-1,3-diol						
132	Dehydrophytosphingosine	0.42266050476814876	2.4981548306476825e-05	0.007236381030453145	0.9802962639759304	7.514941170882782e-05	0.037939311973947204
133	Octadeca-8,10,12,14,16-pentaenoic acid	0.7476518815018933	0.0024150630380671678	0.7438740873483773	0.9802962639759304	0.004979371544778936	0.7950422426619131
134	alpha-12,13-DiHODE	0.9086549958731978	0.08675363296351687	0.1814993715232196	0.9922199252459547	0.12245608960619497	0.3187094227225914
135	Anthraquinone	0.08375037006618757	0.7648945654757487	0.07721083055947715	0.9323383181454349	0.799761554215384	0.1995519353192121
136	N-(1-hydroxy-3-phenylpropan-2-yl)-15-pyridin-1-ium-1-N-(1-hydroxy-3-phenylpropan-2-yl)-15-pyridin-1-ium-1-ylpentadecanamide	0.04952358144106559	8.079298261289913e-13	6.171805113809613e-06	0.8680972185363263	1.2891749834319123e-11	0.00016836910971809024
137	N-[2-[[(Z)-heptadec-12-en-10-ynyl]-methylamino]ethyl]-N-methylacetamide	0.0656807535882478	1.3921143118309079e-08	6.0110771340037414e-05	0.8680972185363263	7.29865646345633e-08	0.0011030326540896866
138	16-[bis(2-hydroxyethyl)amino]hexadecan-1-ol	0.0007945866256618769	0.05642538393778773	0.17734568472678303	0.17203995873155215	0.0845229220619106	0.3154809802074199
139	7-Ethoxy-4â€²-methoxyisoflavone						
140	1,3-Bis(4-nitrophenoxy)propane						
141	 Phytosphingosine	0.131374134454236	4.760469812164053e-09	0.0004968167040871106	0.9802962639759304	2.7298319079128246e-08	0.005064770288888044
142	9-hydroxy-10E,12Z,15Z-octadecatrienoic acid	0.25418366889934507	1.1457488391973576e-09	0.04321513343359199	0.9802962639759304	7.008163733090504e-09	0.14035357495688727
143	6-amino-2-[[(9Z,12Z)-octadeca-9,12-dienoyl]amino]hexanoic Acid	0.5000756098469427	0.012667350206629813	0.09249421841962865	0.9802962639759304	0.022677646467478735	0.21978740605718305
144	Aformosin						
145	8-(4-methoxybenzoyl)oxyoctyl 4-methoxybenzoate	0.9847913922169848	0.5146243017418837	0.796020812755618	0.9922199252459547	0.5604365541224667	0.8370763274536154
146	Sphinganine	0.37716791275521677	4.101402725840236e-05	0.1000675745516551	0.9802962639759304	0.00012041718403066933	0.2295299991278589
147	3-(3-methoxyphenoxy)-4-oxochromen-7-yl methylsulfonate						
148	Isoleukotoxin	0.8182133290635795	0.04445912274324252	0.1598870683333674	0.9802962639759304	0.06826986630447701	0.3009156619402351
149	9,12-Octadecadienamide, N-[2-(dimethylamino)ethyl]-, (9Z,12Z)-	0.08126293917327172	5.438667431595706e-17	1.3314059174466553e-06	0.9323383181454349	2.49498868424453e-15	6.980371024327464e-05
150	N-palmitoyl histidine	0.5344591977606368	0.013924365743500046	0.11544000608566299	0.9802962639759304	0.024568472249348636	0.247360348596672
151	N-palmitoyl lysine	0.4927108948633555	0.017434875861268347	0.1023148388913434	0.9802962639759304	0.030182072835308885	0.2317873202044631
152	Linoleamidopropyl Dimethylamine	0.041838551099376384	1.2796608649350863e-11	4.091097529509512e-06	0.8680972185363263	1.3045431595310463e-10	0.0001537698283294076
153	2-[[(2S)-2-amino-6-(tert-butylamino)hexanoyl]amino]-6-(tert-butylamino)hexanoic acid	0.03012403950285037	3.5775030189164305e-12	9.89170608599967e-07	0.850424807503545	4.527391751525276e-11	6.050426889269799e-05
154	1-18:3-lysoPE	0.4278000921568845	0.8132091634120896	0.39675481530808876	0.9802962639759304	0.8449378801325378	0.539292656363217
155	1-18:3-lysoPC	0.6396748722588743	0.819612766559083	0.5193902261111861	0.9802962639759304	0.8449378801325378	0.6322757976577065
156	N-Palmitoyl-L-arginine	0.5513968633139016	0.018215838264950567	0.09499427919801515	0.9802962639759304	0.031239311416994667	0.2234801311902023
157	N-(3-aminopropyl)hexadecanamide	0.22089660165082758	3.712927482072074e-12	8.980092862742193e-07	0.9802962639759304	4.54214795306817e-11	6.050426889269799e-05
158	N-oleoyl histidine	0.5439478829477047	0.014890473976408941	0.12500979091558584	0.9802962639759304	0.02614738731742623	0.26367007624149424
159	Palmitoylputrescine	0.06302030898553239	5.685547929007477e-16	3.6294717800689674e-07	0.8680972185363263	1.4904257785326744e-14	5.2941708108629824e-05
160	 LysoPE(16:1(9Z)/0:0)	0.724069450099938	0.0009581959925115234	0.5202923457564779	0.9802962639759304	0.0021312601772832066	0.6322757976577065
161	8,11,14-Eicosatrienoic acid	0.5635337042342119	0.0007994040139274321	0.017743401519650304	0.9802962639759304	0.0018222439323687428	0.07316661076080519
162	2,3-dihydroxypropyl octadeca-6,9,12,15-tetraenoate	0.7928636884593703	0.17049112527666987	0.43586538268636577	0.9802962639759304	0.21877707334453791	0.5598104167516097
163	N-Hexadecyl diethanolamine	0.001164935814479134	0.004046570995067475	6.93582095589595e-06	0.17203995873155215	0.008115254399944061	0.0001696964193875876
164	N-(3-aminopropyl)octadec-9-enamide	0.14940678578306263	4.580468974092204e-12	1.6730982798100071e-06	0.9802962639759304	5.4226842370704484e-11	7.675338358628408e-05
165	9-Octadecenamide, N-[3-(methylamino)propyl]-, (Z)-	0.09645258783310373	4.667575768977141e-16	1.3737163855126786e-05	0.9802962639759304	1.4164250245511959e-14	0.00031509619592697067
166	Methyl (2S,6R)-7-hydroxy-2,6-bis[(2-methylpropan-2-yl)oxycarbonylamino]heptanoate	0.7226455269733744	0.2235832778871487	0.30813325576015604	0.9802962639759304	0.2749907245217494	0.4596947352194198
167	Linoleamide 	0.9640775742805762	5.400844101332011e-05	0.07471073255575345	0.9922199252459547	0.00015365192133246882	0.19835719859471002
168	tert-butyl N-[1-[[1-(2-hydroxyphenyl)-2-(4-methoxyanilino)-2-oxoethyl]-methylamino]-4-methyl-1-oxopentan-2-yl]carbamate	0.4976439634672367	0.2191709402539358	0.42858122926038134	0.9802962639759304	0.27209247853628354	0.5557926188641694
169	LysoPE(18:2(9Z,12Z) (Lysophosphatidylethanolamine)	0.5157728321867714	0.26076795498665606	0.48764408623280864	0.9802962639759304	0.31173237615668653	0.6150013046303806
170	 LysoPC(0:0/18:2(9Z,12Z))	0.6125638045022057	0.6298996758997868	0.5161143110884607	0.9802962639759304	0.6692229144322334	0.6322757976577065
171	2-[[2-[[6-amino-2-[(2-amino-3-phenylpropanoyl)amino]hexanoyl]amino]-3-hydroxybutanoyl]amino]-3-(4-hydroxyphenyl)propanoic acid	0.778843179766568	0.4499822649833546	0.493072884029054	0.9802962639759304	0.4974201543641299	0.6155025457097375
172	Ethyl 3-oxo-2-pentylcyclopentane-1-carboxylate	0.6587931113035811	0.0005618450432553927	0.05097217116049063	0.9802962639759304	0.0013303040701595427	0.15554654470352894
173	(10Z,14E,16E)-10,14,16-Octadecatrien-12-ynoic acid	0.7644879584850605	0.1533276607561522	0.3761218546474018	0.9802962639759304	0.19883834451416205	0.5268577124259407
174	Palmitoylethanolamide	0.7918551014692226	0.007653033971441877	0.07918284659933265	0.9802962639759304	0.014089027121303303	0.2032175153982873
175	1-(9Z,12Z-octadecadienoyl)-glycero-3-phosphoserine	0.38590368566846134	0.0006333721008473119	0.04223870368805101	0.9802962639759304	0.0014619343459809024	0.1387303583945432
176	n-Stearoyl lysine	0.6146708936307252	0.10450290534157035	0.25100137515765364	0.9802962639759304	0.14257459576340636	0.39526009199405726
177	n-Stearoyl histidine	0.5218889206120211	0.032761067140349105	0.13112701569846488	0.9802962639759304	0.05367549839512554	0.2734296293257762
178	n-Linolenoyl glutamic acid	0.4000675498866234	0.005757738267681946	0.05087751556207644	0.9802962639759304	0.01123984012893231	0.15554654470352894
179	12,15-Octadecadiynoic acid	0.9784827509972513	0.8427607983915752	0.8100636235201265	0.9922199252459547	0.8615409833139501	0.849409570948247
180	9-OxoOTrE	0.19524580335171005	0.0006042936441812858	0.015302065760600978	0.9802962639759304	0.0014125845058250439	0.06530067597837859
181	11,15-Octadecadiynoic acid	0.21717267819410468	0.017837234336793826	0.05921160188047338	0.9802962639759304	0.03073363850517997	0.1716561572236435
182	LysoPE(16:0/0:0)	0.18054595692950204	0.543397272539161	0.012699790769257847	0.9802962639759304	0.5848293226447863	0.05683930746728817
183	2-[[2-[[2-(2,6-diaminohexanoylamino)-3-hydroxypropanoyl]amino]-3-methylpentanoyl]amino]-4-methylpentanoic acid	0.7329466590605829	0.22701795594222518	0.39297265100161194	0.9802962639759304	0.2749907245217494	0.5381630012334903
184	LysoPC(16:0/0:0)	0.03571319989828903	0.0011814841374526088	0.02451164198375831	0.8680972185363263	0.002580980228839925	0.09501686072816261
185	7-oxooctadecanoate	0.20762619114652248	4.4317810603145245e-06	0.0017957385464367418	0.9802962639759304	1.610360048648941e-05	0.013180720930845683
186	N-(3-Aminopropyl)stearamide	0.10448738665838486	1.5571170072957369e-12	5.770213417834313e-07	0.9802962639759304	2.1979305449135977e-11	5.2941708108629824e-05
187	(5Z,9E)-6,10,14-trimethylpentadeca-5,9,13-trien-1-yne	0.2930034972679033	2.252557962130194e-09	0.00020739579291632174	0.9802962639759304	1.3333689872609374e-08	0.002819046518529262
188	Farnesyl acetone	0.30173567416977476	4.9582314307569895e-09	0.00016212366972167264	0.9802962639759304	2.7994937462889463e-08	0.002479141116160578
189	13-Octadecen-2-one, 1,1,1-trifluoro-, (13Z)-	0.4240431162650402	1.8569841493059862e-06	0.0021918086599810754	0.9802962639759304	7.328098739734375e-06	0.01524890340503644
190	(9E,11E)-Octadecadienoic acid	0.368583042390897	2.0882217409030026e-07	0.0007165034145270703	0.9802962639759304	8.708833851265932e-07	0.006742480849523969
191	N-(2-hydroxy-1-methylethyl)-9-octadecenamide	0.2303792750947462	0.00018549902561964572	0.008213707405148986	0.9802962639759304	0.000482823704981631	0.04186709191235664
192	N-(2-hydroxyethyl)nonadecanamide	0.9745699138834014	0.005518072159709028	0.07012923124067688	0.9922199252459547	0.010829585468519858	0.1920703572039434
193	4-acetamido-N,N-dibutyl-5-chloro-2-methoxybenzamide	0.121394176790932	7.382147290457127e-08	0.00026769481345217315	0.9802962639759304	3.518503968308787e-07	0.0033877240185154326
194	2-[[2-[(2-Azaniumyl-4-methylpentanoyl)amino]-3-methylbutanoyl]amino]-4-methylpentanoate	0.5358003694475997	0.00031025553651853696	0.014681849780157647	0.9802962639759304	0.000769349877718264	0.06491854059419104
195	Alpha-Linolenoyl ethanolamide	0.5345422476978343	0.000418373172466538	0.01607075600422485	0.9802962639759304	0.001010151015100128	0.0677927293511554
196	 Linoleic acid	0.3803066448728225	9.977967075336377e-12	0.09198066935129472	0.9802962639759304	1.0462611190424143e-10	0.21978740605718305
197	9,12-Octadecadiynoicacid	0.3274628701069835	3.3706372961768e-13	0.0001963431809171202	0.9802962639759304	5.890589941413741e-12	0.0027714595152531964
198	Dodecadienoic acid isobutylamide	0.08822486100867678	4.2148419493928506e-07	0.0011545329636104842	0.9523095291230701	1.7187188838079735e-06	0.009415857725445504
199	LysoPE(18:1(9Z)/0:0)	0.9585894978964201	7.906127602222284e-05	0.6617452915393384	0.9922199252459547	0.00022319606384735215	0.7374814441162137
200	Lysolecithin	0.7960862205208596	0.10814303231169074	0.9249531646489927	0.9802962639759304	0.14645200316749263	0.9351454860225353
201	Octadeca-10,12-dienoic acid	0.9870339337714487	0.041496532437472325	0.3612900078830642	0.9922199252459547	0.06453062459556078	0.5138185447395326
202	N-(9Z,12Z,15Z)-octadecatrienoylglycinate	0.5756910597377773	0.04574491915356262	0.15776893138886294	0.9802962639759304	0.0699516055389895	0.30000620631975494
203	N-(.alpha.-Linolenoyl) Tyrosine	0.631296126858309	0.09720349178486955	0.24088303154445667	0.9802962639759304	0.1346176659813099	0.3885819012137364
204	2-[2-[2-[2-[2-(decylamino)-2-oxoethoxy]ethoxy]ethoxy]ethoxy]acetic acid	0.5811190340055061	0.23174863917915844	0.7251342215420569	0.9802962639759304	0.27885819861885625	0.7804230478179909
205	Tributyl Citrate	0.6931451640838275	0.2476498890720783	0.9335587507207097	0.9802962639759304	0.29701800421389785	0.9412529162486276
206	4-[[(6Z,9Z,12Z)-octadeca-6,9,12-trienoyl]amino]butanoic acid	0.7630251578870239	0.11371305086649872	0.2633764106490034	0.9802962639759304	0.15286699512089755	0.4044315594484697
207	13-oxooctadeca-9,11-dienoic acid	0.8280431657562355	0.04104851688899775	0.49508435292464514	0.9802962639759304	0.06410555616281777	0.6159185000791348
208	 LysoPI(16:0/0:0)	0.2594117255571803	7.958758180125161e-08	9.549724379971888e-05	0.9802962639759304	3.744697759110172e-07	0.001593067657931674
209	Methyl 7-(3-nonyloxiran-2-yl)heptanoate	0.3297424945930053	0.01695931850099939	0.09135748757885626	0.9802962639759304	0.029497961563349644	0.21978740605718305
210	N-heptyl-4,6-dimorpholin-4-yl-1,3,5-triazin-2-amine	0.6241619771077158	0.032449153431614246	0.1521363899970803	0.9802962639759304	0.053402866858306856	0.2954182811054416
211	Glutamic acid lineolamide	0.4555950171822829	0.013459746459716706	0.08181129682546157	0.9802962639759304	0.023863415220850392	0.2085051801037805
212	1-oleoyl-sn-glycero-3-phosphoserine	0.3584603333170442	0.007677943935315152	0.0677095296603597	0.9802962639759304	0.014089027121303303	0.188253010495091
213	12,13-EpOME	0.8885088639544307	0.4678051593185535	0.5130848636946157	0.9922199252459547	0.5140254295506261	0.6318863925366576
214	LPG(18:2(9Z,12Z)/0:0)	0.26701674308134704	0.00012858864937989289	0.035611264689272344	0.9802962639759304	0.000341971263205947	0.12341945613440444
215	Linoleic acid amide	0.6141211004468583	8.952123168079798e-08	0.005600637971375401	0.9802962639759304	4.1067865033566073e-07	0.031622063622996494
216	tert-butyl N-[(2R)-4-methyl-1-[[(2S)-1-(methylamino)-1-oxo-3-prop-2-enoxypropan-2-yl]amino]-1-oxopentan-2-yl]carbamate	0.6212893453022821	0.08399331491904544	0.22176040735794655	0.9802962639759304	0.11947886269492121	0.36660391666831704
217	N-palmitoyl glutamine	0.1410720864801093	8.547532816664407e-06	0.0016477159122733776	0.9802962639759304	2.8517677670143977e-05	0.012598161245923533
218	(2S)-1-[(2S)-2-(hexadecanoylamino)-3-hydroxypropanoyl]pyrrolidine-2-carboxamide	0.7180563821387088	0.20800376428827605	0.3733051160340276	0.9802962639759304	0.2614293886773881	0.5249156229290733
219	Linoleyl aldehyde	0.46760573097902147	0.006588994414465146	0.0719168668962015	0.9802962639759304	0.012409663708371866	0.1955073344511552
220	1-Monolinolenin	0.5110861534134004	0.14207053580360168	0.49024761056140165	0.9802962639759304	0.18489321503518374	0.6155025457097375
221	9-Octadecen-16-ynoic acid	0.889926326330754	2.856046375705145e-08	0.6048678724785467	0.9922199252459547	1.4164446214645788e-07	0.6980707836466246
222	CPA(18:2(9Z,12Z)/0:0)	0.21517382210954994	0.0008203790696719711	0.017988432818595766	0.9802962639759304	0.001858513077590206	0.07335283160471828
223	Cis-8,11,14,17-Eicosatetraenoic acid	0.8056556646507415	0.8914343156717566	0.5201515364022543	0.9802962639759304	0.9037469443412559	0.6322757976577065
224	Linoleoyl ethanolamide (Linoleamide MEA)	0.39915325802257406	9.680780989245763e-06	0.00355644589026766	0.9802962639759304	3.172184484868924e-05	0.02289852003031985
225	N-oleoyl glutamine	0.13276521943116626	1.5630156696575499e-06	0.001321760609518619	0.9802962639759304	6.235073377873052e-06	0.01054535094985507
226	Docosatetraenoyl Ethanolamide	0.6810407938599391	0.0025724211640246464	0.03303088569730005	0.9802962639759304	0.005244880928872473	0.11952648077636095
227	Palmitoleamide	0.4040572903209464	5.372230435741409e-13	0.0009367749257249018	0.9802962639759304	8.961857135986804e-12	0.008385277993683878
228	2-O-acetyl-1-O-hexadecyl-sn-glycero-3-phosphocholine	0.0029794317018970794	8.310309098225151e-06	0.025510330709233232	0.18224190576603805	2.8239661472672503e-05	0.09752386844050621
229	n-Linoleoyl tyrosine	0.7608759337797857	0.09362449895389444	0.3877437948285525	0.9802962639759304	0.1301522390760578	0.5381630012334903
230	Palmitoylglutamic acid	0.534154998463727	0.04405405364972167	0.15450051227899214	0.9802962639759304	0.06793209113213383	0.2966999414841926
231	Linoleoyl glycine	0.5888443143566591	0.039584943005748684	0.16304715269070957	0.9802962639759304	0.062165584736558324	0.3037477413070579
232	Octadeca-9,12,15-trien-2-one	0.4917760335572472	0.012171600600844296	0.08605766094134318	0.9802962639759304	0.0220048148793589	0.2163230244210476
233	 N-Linoleoyl GABA	0.7816917654522513	0.08919541608185022	0.23315187022979666	0.9802962639759304	0.12542037433731432	0.3786138777625459
234	9-Octadecen-17-ynoicacid	0.5504845332994539	0.40645083654667513	0.17794158829137852	0.9802962639759304	0.46101685648186885	0.3154809802074199
235	n-palmitoylserine	0.6445553892805249	0.07176186190847618	0.20293473730841838	0.9802962639759304	0.10287735672035453	0.34163783757885113
236	Stearoyl lysophosphatidylethanolamine	0.2008054217323364	0.6289423970495694	0.5068771007803754	0.9802962639759304	0.6692229144322334	0.6284591080621547
237	 LysoPC(18:0/0:0)	0.06040860284361185	0.0016636690771221672	0.042337330082258415	0.8680972185363263	0.0034941111972904113	0.1387303583945432
238	Oleoyl glutamic acid	0.5368353516436153	0.04186317626552549	0.15018570122855776	0.9802962639759304	0.06482609995547618	0.2932889034408915
239	34,8,12-Trimethyltrideca-3,7,11-trien-2-one	0.15328440083967412	5.133385126623629e-21	5.176410454594589e-06	0.9802962639759304	4.70988085367718e-19	0.00015831188640301786
240	15-Hexadecynoic acid	0.16933090907645754	2.2420201861882068e-21	6.422799825758212e-06	0.9802962639759304	4.1141070416553597e-19	0.00016836910971809024
241	Linoleoyl sarcosine	0.5868241557609659	0.036668709151123705	0.16432058380651593	0.9802962639759304	0.05876600986228122	0.3037983583783536
242	N-prop-2-enylnonanamide	0.4848703671974648	1.309044052344757e-10	0.002243707857961765	0.9802962639759304	9.608383344210516e-10	0.01524890340503644
243	2,4-tetradecadienoic acid isobutyl amide	0.4789900210268393	2.049806564884588e-11	0.002047779256123149	0.9802962639759304	1.9796816034543258e-10	0.014735980137199917
244	(11E)-1-azacyclotridec-11-en-2-one	0.4358257375188753	1.625768818613974e-11	0.000993887928917204	0.9802962639759304	1.6125869092738605e-10	0.008684687378871759
245	Azacyclododecan-2-one	0.4536936347140532	5.475051030516076e-11	0.0015803980812143603	0.9802962639759304	4.5666902913622725e-10	0.012340555229907877
246	MG(16:1(9Z)	0.8050168172501675	0.6729325141463849	0.19259634015989113	0.9802962639759304	0.7096730824474806	0.33340970206924553
247	N-Oleoyl-L-Serine	0.6353228430993811	0.06720144015478234	0.1955843237348378	0.9802962639759304	0.09709814384568945	0.3344787802931003
248	N-palmitoyl threonine	0.6560187718712223	0.11497808978827503	0.26504471843268174	0.9802962639759304	0.15400349982590122	0.40529754860330913
249	methyl 2-[2-[(2-methylpropan-2-yl)oxycarbonylamino]pentanoylamino]pentanoate	0.948741032853689	0.27340262116598013	0.5887746759226903	0.9922199252459547	0.32472091251752333	0.6837984369102131
250	Glycidyl linoleate	0.6052745477988354	0.22344809248584463	0.5500653031680964	0.9802962639759304	0.2749907245217494	0.6533138066753766
251	N-palmitoyl tyrosine	0.7175624495302806	0.11643254244339199	0.3449091267371165	0.9802962639759304	0.15482153288668427	0.4983529508366998
252	1-Linoleoyl-rac-glycerol	0.6271864800133451	0.21945333418730228	0.5350866802888332	0.9802962639759304	0.27209247853628354	0.6460041424692236
253	Palmitoylglycine	0.5282291414355103	0.019892594529850535	0.10855134662690356	0.9802962639759304	0.03395619624397742	0.2423471092644336
254	Anandamide (18:4, n-3)	0.9922199252459547	0.0015535960243183665	0.1476664767790397	0.9922199252459547	0.003314940354214189	0.2932889034408915
255	Alpha-linolenic acid (alpha-LA)	0.9785566915927912	0.0020069496806218233	0.16119884654631078	0.9922199252459547	0.0041849462090239155	0.3018366157270207
256	(1-(tert-Butoxycarbonyl)-4-(ethoxycarbonyl)-1H-indol-2-yl)boronic acid	0.7843360828429075	0.037790977492413946	0.3846911271931277	0.9802962639759304	0.060301255390069204	0.536812333383566
257	N-Palmitoyl GABA	0.8705148269092666	0.06444599211256383	0.1907503645226305	0.9922199252459547	0.09498666307353784	0.331779070046471
258	Actinonin	0.9287590573246806	0.06921716923554369	0.19885772116750466	0.9922199252459547	0.09961843572331189	0.33787399846515836
259	N-oleoyl threonine	0.6472407549557897	0.10261030234319679	0.24840566005014464	0.9802962639759304	0.14051485432818367	0.39295205706208225
260	Linolenyl alcohol	0.8151811953721196	0.8406709177491495	0.24320398483844652	0.9802962639759304	0.8615409833139501	0.3885819012137364
261	3,3,4-trimethylcyclodecyne	0.7999068837726576	0.8281837095615274	0.24506250373736194	0.9802962639759304	0.8513821327985449	0.38934172671693434
262	4-[(E)-4-(4-ethenylcyclohexyl)but-1-enyl]cyclohexan-1-one	0.2222967831642435	2.049277761703291e-12	2.244169497460691e-05	0.9802962639759304	2.7854997723892878e-11	0.00048447659151063156
263	 Oleoyl ethanolamide	0.19947849888372715	1.608457827846642e-10	6.53592406584818e-05	0.9802962639759304	1.1352000438840722e-09	0.001142230539126801
264	N-oleoyl tyrosine	0.7685095852709576	0.13690354199082716	0.43015487684603726	0.9802962639759304	0.17880284665705898	0.5558691542341397
265	(4E,8E)-5,9,13-trimethyltetradeca-4,8,12-trien-2-one	0.7551811990284237	5.332344153860017e-06	0.024131977471260748	0.9802962639759304	1.9185983377123787e-05	0.09501686072816261
266	Linoleoyl proline	0.5029628457834021	0.02483304688846093	0.11257142452357664	0.9802962639759304	0.041238589176765435	0.24506765586312398
267	Elmiric acid	0.5350626230386416	0.02008449220320381	0.11592910070470731	0.9802962639759304	0.03412503999340647	0.247360348596672
268	3-(1H-indol-3-yl)-2-(octadec-2-ynoylamino)propanoic acid	0.899194438565916	0.020985063363656655	0.3288437129270403	0.9922199252459547	0.035328065387440336	0.4827425705768952
269	N-oleoyl GABA	0.8708228638877206	0.0550059641252359	0.17539335614850127	0.9922199252459547	0.08307485116856615	0.3139968863731705
270	Margaroylglycine	0.6234411845337626	0.06510737971933837	0.21706331983908067	0.9802962639759304	0.09557763342798874	0.36210108354973913
271	3-[4-(Pentadec-4-enylamino)phenyl]prop-2-ynoic acid	0.19126815412306997	6.477083715979976e-12	0.00047681003712389915	0.9802962639759304	7.203302193226216e-11	0.004999693817842028
272	2-Dodecyl-1H-quinolin-4-one	0.21402115389340537	0.00012823899960459953	0.012624063409516648	0.9802962639759304	0.000341971263205947	0.05683930746728817
273	N-(nonylideneamino)nonanamide	0.39608523424644027	1.1697445347308424e-09	0.0007918044744903501	0.9802962639759304	7.037643348298674e-09	0.007264806053448963
274	N-linoleoyl valine	0.5572959065432268	0.030848928738091183	0.15522176775194815	0.9802962639759304	0.050998003814772354	0.2966999414841926
275	Anandamide (20:3, n-3)	0.6533818511781619	0.007673914902618485	0.05940144950245974	0.9802962639759304	0.014089027121303303	0.1716561572236435
276	1-Hexadecyn-6-one	0.06275317296447502	1.5226439775392176e-17	4.679112782926889e-06	0.8680972185363263	7.983004853669898e-16	0.0001561122173940153
277	Palmitoleate	0.05985155796571073	2.3088187089847716e-18	4.189913578457973e-06	0.8680972185363263	1.4122274436623522e-16	0.0001537698283294076
278	N-Oleoylsarcosine	0.6411082756226965	0.08024579672033907	0.24352544217754601	0.9802962639759304	0.11459224667846085	0.3885819012137364
279	Glycidyl palmitate	0.724171476644671	0.41261259316945553	0.8979766012460786	0.9802962639759304	0.4659348359790467	0.9129014201033542
280	Monopalmitin	0.7349477276762106	0.42880993484105223	0.8925937902258859	0.9802962639759304	0.47688862450504904	0.9099497805913892
281	(2S)-2-[[(2S,3S)-2-[[(2S)-2-amino-3-cyclohexylpropanoyl]amino]-3-methylpentanoyl]amino]-3-phenylpropanoic acid	0.5738248955459633	0.054312880841233126	0.19594805929977266	0.9802962639759304	0.08236705482947337	0.3344787802931003
282	N2,N2-Dimethyl-N6-oleoyl-DL-lysine	0.676590655572884	0.11786444791286678	0.3170412647530837	0.9802962639759304	0.15615975589899678	0.4691699361467005
283	n-linoleoyl leucine	0.48272873383161397	0.006306471254226859	0.09088161953474982	0.9802962639759304	0.01205455703281905	0.21978740605718305
284	Oleamide	0.4933830837841934	1.5229215997038978e-10	0.0036774560470692968	0.9802962639759304	1.09590632763006e-09	0.023269420159904
285	Tridecadienoic acid	0.9140917426729421	3.1206764372490196e-06	0.06290176414901656	0.9922199252459547	1.1807095386292681e-05	0.17757651878991598
286	13-Tetradecynoic acid	0.8875037520996707	1.3841257154246026e-06	0.05202602051569435	0.9922199252459547	5.582133379789332e-06	0.15554654470352894
287	4-(2,2,4-Trimethylcyclohex-3-enyl)but-3-en-2-one	0.9090270501796611	5.3898003109056266e-06	0.06716878195869919	0.9922199252459547	1.920443411749869e-05	0.1881751372430733
288	Dodecadienoic acid	0.9133454139457046	3.3751499669110384e-06	0.062186387927259085	0.9922199252459547	1.263959222302399e-05	0.17691786332793863
289	MG(18:1(9Z)/0:0/0:0)	0.6433108512705821	0.3512881546622585	0.5825514313867968	0.9802962639759304	0.40414656037946356	0.6816614287170981
290	(5E,9E)-6,10,14-trimethylpentadeca-1,5,9,13-tetraene	0.6582519677290355	0.34477306872705316	0.6002061979222586	0.9802962639759304	0.40041682348996366	0.6948759452286085
291	N-Methyl-N'-[10-(6-oxo-3-phenylpyridazin-1(6H)-yl)decyl]urea	0.5959436010458885	0.2770299187556612	0.6408857310831433	0.9802962639759304	0.3269131195605391	0.7214879242561766
292	N-palmitoyl methionine	0.5997450498422733	0.09865512995576906	0.24291877516550553	0.9802962639759304	0.1361144086231851	0.3885819012137364
293	15-oxo-11Z,13E-eicosadienoate	0.7260311725484685	0.021717250621410514	0.1717884919654612	0.9802962639759304	0.036393748758254144	0.3121107750065557
294	Oleoyl methyl beta-alanine	0.6160926922718148	0.10560801657597141	0.2525084076444234	0.9802962639759304	0.14354867438289448	0.39526009199405726
295	Heptadecanamide	0.40804110305960606	2.4915160858489506e-11	0.0017748704197790353	0.9802962639759304	2.3445805218117047e-10	0.013180720930845683
296	n-Oleoyl serinol	0.6098686999755832	0.06597758681258904	0.22426570617857133	0.9802962639759304	0.09639583617531301	0.3674719134428333
297	Glycidol oleate	0.7851205613902108	0.40700125749353	0.2933677747303992	0.9802962639759304	0.46101685648186885	0.44125398904121516
298	Oleic acid	0.7432856928138913	0.4183814452294834	0.2835326078303334	0.9802962639759304	0.47099997054975584	0.4299854011311255
299	N-(4-hydroxyphenethyl)oleamide	0.10748730619188948	3.8317735954932126e-11	0.0003660417065946933	0.9802962639759304	3.270374208246533e-10	0.004333461494201692
300	Icosatrienoic acid	0.977078836958458	0.3830415906698582	0.5598161055646147	0.9922199252459547	0.43930082429949363	0.6627500346523019
301	N-Stearoyl Threonine	0.7037955601268616	0.1782587909990312	0.3411671724866102	0.9802962639759304	0.2271311421536888	0.4948946731327508
302	N-Oleoyl methionine	0.6422222985265804	0.12895866171656095	0.2914066310757052	0.9802962639759304	0.1690279601784924	0.4401079572213325
303	8Z-heptadecenoic acid	0.5800315676280134	9.639515538762044e-10	0.005594457767873956	0.9802962639759304	5.996105428348594e-09	0.031622063622996494
304	Octadecanamide	0.40822673468736104	0.00729848811325349	0.057814340602185946	0.9802962639759304	0.013596675825198124	0.16974290400801795
305	N-(2-hydroxyethyl)octadecanamide	0.2392026841347662	6.149143574544177e-09	0.00019053149072133352	0.9802962639759304	3.318728958614284e-08	0.0027714595152531964
306	(2R)-3-methyl-2-[[(Z)-octadec-9-enoyl]amino]butanoic acid	0.570439825290713	0.039636912338841	0.17336563224010249	0.9802962639759304	0.062165584736558324	0.31271432422151446
307	N-Stearoylglycine	0.5480537545060882	0.03523378996000929	0.13650650493315236	0.9802962639759304	0.05671403910229566	0.2812780684798433
308	N-Stearoyl GABA	0.9201776908818395	0.06666317723712287	0.19470341968514304	0.9922199252459547	0.09670113061669602	0.3344787802931003
309	Eruric acid	0.45117534186548913	0.5287247002900735	0.22528932023061987	0.9802962639759304	0.5723951770101975	0.3674719134428333
310	N-palmitoyl phenylalanine	0.5456023193144415	0.0005279452045622484	0.13719012059371105	0.9802962639759304	0.0012581551303528908	0.2812780684798433
311	Anandamide (20:2, n-6)	0.5507441192150312	0.0029151217680965773	0.03531410172574522	0.9802962639759304	0.005910771761831182	0.12341945613440444
312	Oleoyl Ethyl Amide	0.3906658186190677	0.006024052481766166	0.052131403265760386	0.9802962639759304	0.011635932951622015	0.15554654470352894
313	N-palmitoyl leucine	0.5851392739358805	0.012414436972629905	0.17015442808545578	0.9802962639759304	0.022333815534093995	0.3106799756585188
314	N-(3-(Decylamino)propyl)-D-gluconamide	0.31405362279622107	0.0042750350249497705	0.004843299615502356	0.9802962639759304	0.00852683616389438	0.02850850052803869
315	(E,2S)-2-hexyl-5-hydroxyhexadec-3-enoic acid	0.40778850598488514	6.566594384583235e-15	0.0011133960225307017	0.9802962639759304	1.4176118465541455e-13	0.009286735006108352
316	PC(18:2(9Z,12Z)/18:3(9Z,12Z,15Z))	0.819287278891651	0.485592513226775	0.4820549885838813	0.9802962639759304	0.5303942034351977	0.6100488993458084
317	N-oleoyl phenylalanine	0.43951636797850036	9.037815334571345e-05	0.07009840931003457	0.9802962639759304	0.0002501153548894393	0.1920703572039434
318	Stearoyl sarcosine	0.6427816242143489	0.10938589882847838	0.25761371271935385	0.9802962639759304	0.14759053261048372	0.3989208125232188
319	tert-butyl N-[1-[[1-[(1-cyclohexyl-3-oxopropan-2-yl)amino]-1-oxopropan-2-yl]amino]-1-oxo-3-phenylpropan-2-yl]carbamate	0.5107041486554158	0.0002943586532910101	0.11756266325506322	0.9802962639759304	0.0007450319017779359	0.24939593881276415
320	Gama-Tocotrienol	0.26495003947171214	0.00015574199688780149	0.037732364733432146	0.9802962639759304	0.0004082665204130224	0.12822016534416295
321	Methyl retinoate	0.16017752141188912	1.5242427429285234e-05	0.006261475685956427	0.9802962639759304	4.781171680809984e-05	0.03429793398128371
322	N-oleoyl isoleucine (Isoleucine)	0.6232110497182823	0.034723193641707714	0.22505968598786064	0.9802962639759304	0.05613837914760674	0.3674719134428333
323	N-(octylideneamino)dodecanamide	0.2621669851234901	3.605528310528798e-11	0.000419236408707816	0.9802962639759304	3.150544976104926e-10	0.004525287117522602
324	2-[(3S,6R,9S,12S,15R)-3-[(2S)-butan-2-yl]-6,15-bis(2-methylpropyl)-2,5,8,11,14,17-hexaoxo-12-propan-2-yl-19-undecyl-1-oxa-4,7,10,13,16-pentazacyclononadec-9-yl]acetic acid	0.9249123642608453	0.9608664132815053	0.44671011366946434	0.9922199252459547	0.9608664132815053	0.5712286122532871
325	Ethyl dihomo-gamma-linolenate 	0.08349881897522415	1.3534930445416134e-08	0.0003368214515114548	0.9323383181454349	7.199013729663364e-08	0.004120449090156797
326	Methyl alpha-Eleostearate	0.8407682620996465	0.7025134895339463	0.7058680681146793	0.9809644632238368	0.7366355733113095	0.7619876912412087
327	1-(2-chlorobenzyl)-N-[3-(morpholin-4-yl)propyl]piperidine-4-carboxamide	0.9719939172487202	3.5741926005810685e-08	0.1494815933026265	0.9922199252459547	1.7489715792176695e-07	0.2932889034408915
328	Dihydro-alpha-ionone	0.963463226541416	1.8914081155230136e-07	0.09849561692671052	0.9922199252459547	7.978698602263747e-07	0.22863516082449606
329	8-tridecenoic acid	0.9403414225745287	7.098011897510203e-08	0.084186651961299	0.9922199252459547	3.427592587350322e-07	0.21307931910204644
330	gamma-Dodecalactone	0.9534229071355204	1.4910729242769082e-07	0.09905447022096696	0.9922199252459547	6.437926625995592e-07	0.22863516082449606
331	Myristoleic acid	0.9318633157252858	9.910297477319204e-08	0.08835804738745229	0.9922199252459547	4.490221202686602e-07	0.21978740605718305
332	10-(3-octyloxiran-2-yl)decanoic acid	0.6018022367441278	5.035779358745852e-09	0.5112707217505973	0.9802962639759304	2.800198522211709e-08	0.6317722386615126
333	TG(18:3(9Z,12Z,15Z)	0.6323809489754006	0.6033573749600656	0.6744603824537869	0.9802962639759304	0.645574800613248	0.741098683714191
334	 N-acylsphingosine	0.8517778313720563	0.17341902734773418	0.9900915934820326	0.9861276470458823	0.2217588259115625	0.9900915934820326
335	cis-11-Eicosenamide	0.6690715173960623	0.0003817927892655228	0.7931053521761853	0.9802962639759304	0.0009279334679499791	0.8364070811743103
336	1-Stearoyl-rac-glycerol	0.7346884781797138	0.29838985337611246	0.819961633189456	0.9802962639759304	0.34875501971029704	0.8524813580184997
337	Glycidol stearate	0.7187443106543818	0.29423268365049204	0.8148048007073937	0.9802962639759304	0.34499487188412326	0.8519468998849387
338	(5Z,8Z,11Z,14Z)-icosatetraen-1-ol	0.5399522576449389	1.5167813416421095e-14	0.0026956058840445067	0.9802962639759304	3.092548624348079e-13	0.017665845704363106
339	Icosadienoic acid	0.6266679078274107	9.197054928318387e-11	0.012037812637360227	0.9802962639759304	7.1815301248784e-10	0.05658496730600541
340	(5E,9E,13E,17E)-6,10,14,18,22-pentamethyltricosa-5,9,13,17,21-pentaen-1-yne	0.4961268344890605	0.8781781486894756	0.7043599169845858	0.9802962639759304	0.8952538349139931	0.7619876912412087
341	N-(2-Phenylethyl)hexadecanamide	0.21003600366766606	0.00030659583306605624	0.02222285474452201	0.9802962639759304	0.0007654467396955283	0.08962404056307229
342	(9E)-tetradeca-9,11-dienoic acid	0.9018032071814426	0.9415187925808421	0.6631304538374674	0.9922199252459547	0.9440912482982762	0.7374814441162137
343	Ethyl linolenate	0.8666430233411465	0.9123376232179069	0.6237182513971963	0.9922199252459547	0.9198568893433292	0.710883845536556
344	1-eicosenoyl-glycerol	0.6491783684642441	0.17885803837170589	0.9724100755879418	0.9802962639759304	0.2271311421536888	0.977738349974725
345	N-ethyloctadecanamide	0.2581400525426041	0.001479265290302262	0.024595645147617022	0.9802962639759304	0.003174797435911872	0.09501686072816261
346	Ercalcitriol	0.8752552623151866	2.6985371518203563e-08	0.7288661978843305	0.9922199252459547	1.356661828380919e-07	0.7821458907121325
347	Methyl lineoleate	0.8629388137460342	0.20695075855062994	0.8518303322489553	0.9922199252459547	0.2609997539109319	0.8781509324027151
348	Erucamide						
349	N-stearoyl phenylalanine	0.5599614332678817	0.009797219991173048	0.16472990004711818	0.9802962639759304	0.017888456401793575	0.3037983583783536
350	N-Stearoyl-L-leucine	0.6003169311948577	0.05787945340173793	0.21206337977107004	0.9802962639759304	0.08634861544080415	0.35537561815517216
351	Palmitic acid	0.9399053300835823	0.8158788359677632	0.6671991975492664	0.9922199252459547	0.8449378801325378	0.7397646691860446
352	Linoleyl alcohol	0.16810214562433756	7.318649277465965e-33	2.741271502929774e-05	0.9802962639759304	2.6859442848300094e-30	0.0005589148008751261
353	Ethyl palmitoleate	0.6849254964516066	0.00010959162065402659	0.42674360882179696	0.9802962639759304	0.00029792685022242784	0.5553720015517712
354	1-tridecanoyl-sn-glycero-3-phosphocholine	0.19263844004203357	0.1667256516964314	0.07673198503906405	0.9802962639759304	0.21469583920207128	0.1995519353192121
355	Phthalic acid	0.04399912892918491	0.35001952420748195	0.04430161437456111	0.8680972185363263	0.40395335026460966	0.14137993456925152
356	8,11,14-Eicosatrien-1-ol	0.5950866159567719	3.6769425866881777e-16	0.004090889996086924	0.9802962639759304	1.2267617539223284e-14	0.025446722518032226
357	Gondoic Acid	0.6856808114507345	1.0763858022226344e-13	0.00999755815034114	0.9802962639759304	1.99292125301663e-12	0.04958248434020539
358	Icosanamide	0.5150777689563903	5.619137841003839e-10	0.03580194478431741	0.9802962639759304	3.617936118681419e-09	0.12341945613440444
359	ethyl undec-9-enoate	0.7724910661376269	0.4316672651393906	0.6075016905709322	0.9802962639759304	0.4786159707134633	0.6989126032587214
360	Linolelaidic acid (Mandenol)	0.8138954924792106	0.42099058411267276	0.6385444387732263	0.9802962639759304	0.47104739136997226	0.7210640277839202
361	but-2-ynyl dodecanoate	0.8061032078438972	0.42025645905639597	0.6303831955850501	0.9802962639759304	0.47104739136997226	0.7140451629003499
362	2-but-1-en-3-ynyl-1,3,3-trimethylcyclohexene	0.8419722232030207	0.4267352764357285	0.6868559570813308	0.9809644632238368	0.4760238493979099	0.7524660783547714
363	(Z)-2,3-di(icosyl)but-2-enediamide	0.04601661847937829	0.7923980271306661	0.3123156117152487	0.8680972185363263	0.8261649885140752	0.4640478927105112
364	Ethyl pentadecanoate	0.9797129017533962	0.5227489587212024	0.8192673934235661	0.9922199252459547	0.5676002007416606	0.8524813580184997
365	N-phenethyloctadecanamide	0.21586260650368505	0.002500124408619307	0.03253179466408512	0.9802962639759304	0.005125953396442937	0.11952648077636095
366	PE(18:3(9Z,12Z,15Z)	0.22133945458770754	0.00027101872619766	0.3006838040528951	0.9802962639759304	0.0006907213369065361	0.45041206566290815
367	Methyl oleate	0.9410493376953118	0.05865107119029754	0.8340076680766494	0.9922199252459547	0.0871455187321425	0.8621994765750151
368	Lauric anhydride	0.974915484450919	0.9074116511316848	0.6609930678254554	0.9922199252459547	0.9174106775904362	0.7374814441162137
369	Docosanoyl Ethanolamide	0.04693490325802226	1.374566704612171e-12	5.415467944806562e-07	0.8680972185363263	2.0178639223706668e-11	5.2941708108629824e-05
370	Stearic acid	0.8120037663350562	0.8189771137317388	0.5762944302756169	0.9802962639759304	0.8449378801325378	0.6780945536975325
371	Ethyl oleate	0.8385161621878989	0.2767782520817542	0.627744726623519	0.9809644632238368	0.3269131195605391	0.713257940157373
372	PC(34:1) (Phosphatidylcholine)	0.07161924800138936	0.03349032654272996	0.1327310647697355	0.9063539316037894	0.05438473381053936	0.2752107388163442
373	Lecithin	0.21563302881832214	1.2829667018736135e-05	0.07512711336420896	0.9802962639759304	4.12419632364085e-05	0.19835719859471002
374	 Docosanamide	0.21578058285212498	2.773234115175603e-11	0.012334597777875838	0.9802962639759304	2.4823827323645035e-10	0.05658496730600541
375	(Z)-tetracos-15-enamide	0.0023438686475688304	0.39193975621287624	0.0966019460610676	0.17203995873155215	0.44671394574573164	0.22581474015548925
376	N-(hexadecanoyl)-1beta-glucosyl-4E,14Z-sphingadienine	0.38786495315734004	0.6309295051595443	0.6896283958764624	0.9802962639759304	0.6692229144322334	0.7532548252579218
377	1-(4-Methoxyphenyl)icosane-1,3-dione	0.8366913579103534	0.890887408099889	0.671635104784245	0.9809644632238368	0.9037469443412559	0.7402104608282821
378	Didecanoylphosphatidic acid	0.3640249384034764	3.0333045681364483e-09	0.09242557482040883	0.9802962639759304	1.7670202801683753e-08	0.21978740605718305
379	 Ethyl stearate	0.9373930453682339	0.3852459406555746	0.7059286512861334	0.9922199252459547	0.44045252405170054	0.7619876912412087
380	1-tridecanoyl-2-octadecanoyl-glycero-3-phosphate	0.916271020698991	0.12024239340390049	0.07457587591042542	0.9922199252459547	0.15873726035694777	0.19835719859471002
381	Dilinoleoylphosphatidylcholine	0.3793648920426381	0.09212567481319006	0.5496502359579363	0.9802962639759304	0.12855559945414735	0.6533138066753766
382	Tetracosanamide	0.16826413849147404	1.1284664621656075e-12	0.0022034961161294217	0.9802962639759304	1.7256132983949084e-11	0.01524890340503644
383	DL-alpha-Tocopherol	0.42944770617752503	0.6353704947717276	0.4011994988264094	0.9802962639759304	0.671991272568369	0.5433218305139935
384	2-Ethyl-6-methylcyclohexa-2,5-diene-1,4-dione	0.4887824455661438	0.5375819500141574	0.4644491033528826	0.9802962639759304	0.5802722813388111	0.5898021485484704
385	Campest-4-en-3-one	0.4331998235969865	0.459988827609473	0.46008734416696173	0.9802962639759304	0.5069546538518817	0.5862918587127602
386	2,5,7,8-tetramethyl-2-[(E)-4,8,12-trimethyltridec-3-enyl]-3,4-dihydrochromen-1-ium-6-ol	0.4611336545929533	0.9189949355090536	0.4144137157165805	0.9802962639759304	0.9240305241967744	0.5470857326186512
387	Ethylene dioleamide	0.08383423569155136	5.084041403978719e-10	3.4302358203903745e-05	0.9323383181454349	3.33186284867891e-09	0.0006625771295175092
