	Metabolite	r_Pearson	p_Pearson	r_Spearman	p_Spearman	p_Pearson_adj	p_Spearman_adj
27	DL-methionine	0.42996041094421944	0.008864167211105658	0.7837247011026451	1.5821445015556524e-08	0.07028234998838226	3.994146660669297e-06
128	Dibutyl 3-oxopentanedioate	0.43571440982007736	0.00790240483300711	0.7731260681659557	3.2649700223454744e-08	0.06591324031167294	3.994146660669297e-06
219	Linoleyl aldehyde	0.3385153930359709	0.043438078627616276	0.7739620273499217	3.087988777253261e-08	0.18978303400399016	3.994146660669297e-06
38	Thymine	0.4945056340887712	0.0021716481924444757	0.7553397763351394	1.0137026003844036e-07	0.029222850935699544	9.300721358526903e-06
21	Pyridoxine (vitamin B6)	0.6494835798181372	1.820268902338125e-05	0.7380366489545659	2.7953495830865145e-07	0.0011133978119301532	1.709822161654585e-05
129	5-butoxy-3-butoxycarbonyl-3-hydroxy-5-oxopentanoic acid	0.45563978553380996	0.00522889461868112	0.7406049736704713	2.4167242883652014e-07	0.0564413036781168	1.709822161654585e-05
35	Tyramine 	0.5099913708088656	0.0014858768824028141	0.7169497946659986	8.695667179701268e-07	0.024290731524021236	2.6594248791253048e-05
1	Histidine	0.3978893066728617	0.016249972524374084	0.7215756609565409	6.838905024730574e-07	0.11043962808232016	2.6594248791253048e-05
3	N-[2-(1H-imidazol-5-yl)ethyl]propan-2-amine	0.5634463681415427	0.0003460893355600611	0.7176369611955411	8.393356419405465e-07	0.010186913546726057	2.6594248791253048e-05
36	4-Vinylphenol	0.5069094864917076	0.0016047125925401408	0.7179281311021367	8.268195387914012e-07	0.024290731524021236	2.6594248791253048e-05
53	3-ethenyl-1H-indole	0.3460184446307482	0.038716885457106394	0.7186687153788259	7.957533940755399e-07	0.17642807124093932	2.6594248791253048e-05
378	Didecanoylphosphatidic acid	0.5068757928197705	0.0016060566435014529	0.7234991038420356	6.180218955289694e-07	0.024290731524021236	2.6594248791253048e-05
116	Oleanolic aldehyde	0.3843062815989407	0.020660832245979633	0.7143769143184164	9.918548739560021e-07	0.12035754657578611	2.8000826057065595e-05
7	Carnitin	0.5223278127060256	0.0010840704467549858	0.7093960098451643	1.2745257098797037e-06	0.020939676524162093	3.341078110898937e-05
114	Soyasaponin II	0.3633140764268976	0.029406952378053238	0.7056213198253773	1.5360203022904073e-06	0.1564108916339933	3.546244766759538e-05
119	Soyasaponin III	0.37501004968954976	0.024221008601530106	0.7054886593027556	1.5460467647997983e-06	0.13267328592181415	3.546244766759538e-05
50	DL-Tryptophan	0.33186272453190413	0.04800283959095784	0.6929891919855338	2.8104389340128595e-06	0.19598487377240045	3.799501594634537e-05
122	Soyasaponin IV	0.4330145256454446	0.008341948562054084	0.6975266329244584	2.270165605698056e-06	0.06803322493941887	3.799501594634537e-05
29	Pidolate	0.17944634086346425	0.2950024546188282	0.6955347807296942	2.4943932056565048e-06	0.4330636033804398	3.799501594634537e-05
19	Imidazole-4-acrylic acid	0.28124187888206703	0.09658730775350488	0.6991108119071231	2.1051785288285712e-06	0.2740893929597672	3.799501594634537e-05
46	Phenethylamine	0.704959647559813	1.586628922180703e-06	0.6975310627429944	2.2696881967445e-06	0.00016284906479805238	3.799501594634537e-05
49	3-indoleacrylate	0.329766298120923	0.04951848852343951	0.6937278009686758	2.7151604008206167e-06	0.1975357096532859	3.799501594634537e-05
271	3-[4-(Pentadec-4-enylamino)phenyl]prop-2-ynoic acid	0.3152955231736784	0.06105406563888748	0.6946607855157375	2.599034775202914e-06	0.21754215620846318	3.799501594634537e-05
12	Glutamat	0.18394049036708388	0.28287224719050424	0.6984177569752483	2.1759572399466745e-06	0.4186053012859478	3.799501594634537e-05
325	Ethyl dihomo-gamma-linolenate 	0.5400998527017273	0.0006737363758336571	0.6971814745063282	2.3076478544351622e-06	0.015453828120684512	3.799501594634537e-05
352	Linoleyl alcohol	0.4559616527599135	0.005193091388949812	0.6976428032133721	2.257676102201065e-06	0.0564413036781168	3.799501594634537e-05
382	Tetracosanamide	0.5300339830754908	0.0008848559505867223	0.6957280159667668	2.4717845425770296e-06	0.0191024784626663	3.799501594634537e-05
357	Gondoic Acid	0.36137061457877906	0.030351128228362004	0.6923243903815568	2.8988023065331617e-06	0.15912662942584077	3.799501594634537e-05
117	[(2R,4aR,6aR,6aS,6bR,8aR,9S,10S,12aR,14bS)-10-acetyloxy-9-(acetyloxymethyl)-2,4a,6a,6b,9,12a-hexamethyl-4-oxo-3,5,6,6a,7,8,8a,10,11,12,13,14b-dodecahydro-1H-picen-2-yl]methyl acetate	0.3538514062022164	0.0342412337395776	0.6905914218349813	3.1412262050759485e-06	0.16844087482766704	3.9752759215961144e-05
277	Palmitoleate	0.38482157273694545	0.020476977247637685	0.689742558385074	3.2666160142286354e-06	0.12035754657578611	3.996160257406364e-05
276	1-Hexadecyn-6-one	0.39221949180535226	0.017984077048012092	0.688919247856545	3.3925881173232027e-06	0.1151143813740357	4.016386577605211e-05
51	Indole-3-carboxaldehyde	0.3535183689705089	0.03442252210374667	0.6874245512635624	3.6327003052521597e-06	0.16844087482766704	4.1662531625860706e-05
115	Somatotropin (6-13)	0.37593827247050543	0.023844142821329156	0.6862968987394782	3.824022866170454e-06	0.1325878850822394	4.252776945104718e-05
47	Styrene	0.700547186269464	1.965154412336382e-06	0.6817335711017078	4.696065450251956e-06	0.00016284906479805238	4.870406655977155e-05
37	Isoleucine	0.3474982922975395	0.03783680024896689	0.6820506688942224	4.630050303025747e-06	0.17642807124093932	4.870406655977155e-05
102	2-[[2-[(2-amino-3-methylpentanoyl)amino]-3-hydroxybutanoyl]amino]-3-hydroxypropanoic acid	0.5438163508260314	0.0006079107550247913	0.6796262043159004	5.157092590507169e-06	0.014873549806273227	4.870406655977155e-05
338	(5Z,8Z,11Z,14Z)-icosatetraen-1-ol	0.287800634683097	0.08873926956564324	0.6796931599059954	5.141830992913235e-06	0.26053849544472857	4.870406655977155e-05
356	8,11,14-Eicosatrien-1-ol	0.35772986786418715	0.032186790550662384	0.680623882151563	4.933913702637673e-06	0.1622319255462816	4.870406655977155e-05
317	N-oleoyl phenylalanine	0.3202020703759158	0.05692615421799781	0.6795450916538128	5.1756365009021535e-06	0.2100268826854245	4.870406655977155e-05
239	34,8,12-Trimethyltrideca-3,7,11-trien-2-one	0.3234124562992323	0.054347455600259775	0.6758577967425363	6.085800134272171e-06	0.20562387840510657	5.0687420148499316e-05
99	9-(nonanoylamino)nonanoic Acid	0.19074557560794023	0.2651279712899704	0.6759929683018847	6.050009650843195e-06	0.40269601893610596	5.0687420148499316e-05
146	Sphinganine	0.4934049293638224	0.0022295363111705375	0.6748702837127938	6.35319162624242e-06	0.029222850935699544	5.0687420148499316e-05
315	(E,2S)-2-hexyl-5-hydroxyhexadec-3-enoic acid	0.2595547357825318	0.12633832546234203	0.6779646757356554	5.549321145312522e-06	0.31328490165324	5.0687420148499316e-05
240	15-Hexadecynoic acid	0.3304724717838311	0.04900372525308054	0.6749115958270967	6.341794016043695e-06	0.1975357096532859	5.0687420148499316e-05
136	N-(1-hydroxy-3-phenylpropan-2-yl)-15-pyridin-1-ium-1-N-(1-hydroxy-3-phenylpropan-2-yl)-15-pyridin-1-ium-1-ylpentadecanamide	0.30520531184291644	0.07028534961371018	0.6768807588553353	5.819675981327293e-06	0.22800658163435658	5.0687420148499316e-05
62	3-methyl-2-[(3-methylfuran-2-carbonyl)amino]pentanoic acid	0.2880516429936952	0.08844898039867095	0.6753382503930587	6.225170739750566e-06	0.26053849544472857	5.0687420148499316e-05
193	4-acetamido-N,N-dibutyl-5-chloro-2-methoxybenzamide	0.39601597556844276	0.01680669909789516	0.6729070272285235	6.916882749122908e-06	0.11087108936951688	5.4010552530385255e-05
152	Linoleamidopropyl Dimethylamine	0.6224487398954472	5.0464826311232996e-05	0.6703034811984885	7.734782022618092e-06	0.00264579875088893	5.913885421460084e-05
339	Icosadienoic acid	0.29448637822500884	0.08125392078499931	0.6689233739215694	8.203227786586725e-06	0.2424405603910142	6.144050199341486e-05
327	1-(2-chlorobenzyl)-N-[3-(morpholin-4-yl)propyl]piperidine-4-carboxamide	0.3575697430431576	0.03226956557187618	0.6647618788578616	9.776689191456428e-06	0.1622319255462816	7.176089866529018e-05
4	Cholinum	0.30424746116672774	0.07121557621103565	0.6622413289280473	1.0858695957107328e-05	0.22800658163435658	7.814002776977234e-05
346	Ercalcitriol	0.40565701786834046	0.014103740179798662	0.6607185820955034	1.156410268374835e-05	0.10511262748532131	8.161587855645469e-05
358	Icosanamide	0.4523552348470216	0.005606596022948591	0.6591901369077457	1.2313864507364386e-05	0.057038040302923206	8.526770328684396e-05
23	D-pipecolate	0.5620325253524464	0.0003608443490665906	0.6580329313319939	1.2910657425821336e-05	0.010186913546726057	8.774465324585981e-05
55	Methyl L-leucinate	0.23239584146817813	0.17259151850272442	0.656767877595495	1.3593090121178385e-05	0.3497625453549038	9.070298317222668e-05
89	(1-(3-Oxo-2-aza-spiro(4.5)dec-2-ylmethyl)-cyclohexyl)-acetic acid	0.2781891185678946	0.10041615811861301	0.6551152849070602	1.4533999466525672e-05	0.27516758775867123	9.524960364669503e-05
10	Threonin	0.28113801362052676	0.09671571797791746	0.6538988576716913	1.5264010835897834e-05	0.2740893929597672	9.827880661007905e-05
160	 LysoPE(16:1(9Z)/0:0)	0.7761996046514166	2.656966987907822e-08	0.6512771986642844	1.6951963538913825e-05	9.751068845621707e-06	0.00010325391875762729
60	Isovalerylcarnitine	0.505673167355243	0.0016546819839251524	0.6493660798752285	1.8287478799034806e-05	0.024290731524021236	0.00010325391875762729
283	n-linoleoyl leucine	0.2750745055617588	0.10444055548254794	0.6515518330319789	1.676750895251407e-05	0.27575312131003665	0.00010325391875762729
231	Linoleoyl glycine	0.24667857810693627	0.14695835967448165	0.6496066426122773	1.811426814161755e-05	0.33188936513527006	0.00010325391875762729
262	4-[(E)-4-(4-ethenylcyclohexyl)but-1-enyl]cyclohexan-1-one	0.2802365270634567	0.09783572337255995	0.6497770877270344	1.7992447553440065e-05	0.2740893929597672	0.00010325391875762729
91	 O-octanoylcarnitine	0.1543685077557437	0.36869077320053556	0.650211712311218	1.7685174620662478e-05	0.5086823825736713	0.00010325391875762729
196	 Linoleic acid	0.5104011355108312	0.0014706745472737794	0.6511215192433426	1.7057340806196902e-05	0.024290731524021236	0.00010325391875762729
329	8-tridecenoic acid	0.3223816583418067	0.05516508015461498	0.6496385792789758	1.8091385455172646e-05	0.2065875960892214	0.00010325391875762729
274	N-linoleoyl valine	0.2532213631266978	0.1361936700441483	0.6482294820385816	1.9126387449397143e-05	0.3205682956389309	0.00010635430596861746
243	2,4-tetradecadienoic acid isobutyl amide	0.45583827854583264	0.005206789974916289	0.6469853688265398	2.008460975240094e-05	0.0564413036781168	0.00010896292725078847
108	Soyasaponin I	0.3474243920158209	0.03788036083353244	0.6468527083039181	2.0189316220854538e-05	0.17642807124093932	0.00010896292725078847
52	Indole	0.34326760367455555	0.040396950630500805	0.6451121132059977	2.1609833585601766e-05	0.18080098635846092	0.00011202137240768084
323	N-(octylideneamino)dodecanamide	0.39075921046780937	0.018454944585922468	0.6450386812110765	2.1671709648352424e-05	0.1151143813740357	0.00011202137240768084
321	Methyl retinoate	0.04959223670160485	0.7739370077955234	0.6453374448338205	2.1420962203913183e-05	0.8555267525932443	0.00011202137240768084
303	8Z-heptadecenoic acid	0.20026319575795548	0.24156537415312185	0.6444586748952191	2.2166122922487596e-05	0.3905484242916111	0.00011298565434101315
142	9-hydroxy-10E,12Z,15Z-octadecatrienoic acid	0.17717445042518593	0.3012592795650263	0.6435589126809179	2.295339548852353e-05	0.43855789216861873	0.00011539583759298816
28	Xanthine	0.14160671103543143	0.4100427794542208	0.6419746584473048	2.4401517849408543e-05	0.5552977861981514	0.00012101833852341804
310	N-palmitoyl phenylalanine	0.3159472025350254	0.06049255366443466	0.6396233843338965	2.67039369634122e-05	0.21754215620846318	0.00012895190612595103
30	Hypoxanthine	0.19579510911566791	0.2524453118416731	0.6398735965169536	2.64498835175698e-05	0.3969531494454066	0.00012895190612595103
149	9,12-Octadecadienamide, N-[2-(dimethylamino)ethyl]-, (9Z,12Z)-	0.43611209787349114	0.007839364940732839	0.6391402620634038	2.7200748728093394e-05	0.06591324031167294	0.0001296451270546789
165	9-Octadecenamide, N-[3-(methylamino)propyl]-, (Z)-	0.45605985268273225	0.005182210203931742	0.6373468203491854	2.911920407060946e-05	0.0564413036781168	0.00013645565742212169
95	alfa-Cyperone	0.3033439884971286	0.0721017982392176	0.6371173824974329	2.937328865489813e-05	0.22800658163435658	0.00013645565742212169
328	Dihydro-alpha-ionone	0.31983384828747874	0.057228033429270984	0.6363725270167954	3.0212075909441024e-05	0.2100268826854245	0.0001385978982345607
26	Nicotinate	0.5529088543724517	0.0004703212437105598	0.6348171379621718	3.2034020750704376e-05	0.012329135460126818	0.00014514179772232724
143	6-amino-2-[[(9Z,12Z)-octadeca-9,12-dienoyl]amino]hexanoic Acid	0.2605256819143435	0.12487559985379416	0.6332636278621491	3.3952604268747706e-05	0.3117642526962072	0.00015012778032084828
330	gamma-Dodecalactone	0.3111803555014002	0.06469568243054796	0.633321334996494	3.3879514490609226e-05	0.22399354200010474	0.00015012778032084828
175	1-(9Z,12Z-octadecadienoyl)-glycero-3-phosphoserine	0.3864707652886833	0.019897681276425806	0.6314468732391908	3.6327979154743844e-05	0.12035754657578611	0.00015871867083084513
158	N-oleoyl histidine	0.2583594434649045	0.12815647811696704	0.6290273944439604	3.972500773059636e-05	0.3135561831261794	0.00016952416089684725
244	(11E)-1-azacyclotridec-11-en-2-one	0.4606539705301067	0.004694648913187919	0.6292672656456922	3.937582390812222e-05	0.0564413036781168	0.00016952416089684725
295	Heptadecanamide	0.4439670766599704	0.006679480939807725	0.6281422362925132	4.103793914671089e-05	0.05896647050702252	0.00017075652082347296
215	Linoleic acid amide	0.4048289293892255	0.014320521455765848	0.6283704760789777	4.0695691669430975e-05	0.10511262748532131	0.00017075652082347296
150	N-palmitoyl histidine	0.253177801526346	0.13626336272390524	0.627591258840207	4.187489611474814e-05	0.3205682956389309	0.00017075652082347296
331	Myristoleic acid	0.3321750823685996	0.0477802359894969	0.6277495930463781	4.163281220303778e-05	0.19598487377240045	0.00017075652082347296
288	Dodecadienoic acid	0.2807206657514178	0.09723300655219808	0.6250963825939421	4.586144502216778e-05	0.2740893929597672	0.00018383002576267512
197	9,12-Octadecadiynoicacid	0.3253022679408519	0.052873559658870924	0.6249637220713202	4.608273125385861e-05	0.20562387840510657	0.00018383002576267512
242	N-prop-2-enylnonanamide	0.44728972319209054	0.006235111255446084	0.6231408885966185	4.922273231388303e-05	0.05867399566022341	0.00019406438438941608
245	Azacyclododecan-2-one	0.450574439101578	0.005821029220537265	0.6226002023592244	5.019062282553987e-05	0.057038040302923206	0.00019406438438941608
141	 Phytosphingosine	0.36355159534132986	0.029293233470148606	0.6225758326641279	5.023464991006683e-05	0.1564108916339933	0.00019406438438941608
374	 Docosanamide	0.44593456378628654	0.0064131823066490646	0.6213818879605315	5.24349170627146e-05	0.058840947663505165	0.00020045431835433603
132	Dehydrophytosphingosine	0.22487943319914216	0.18729552714993192	0.620453264302179	5.420606220163478e-05	0.3497625453549038	0.00020094570533333298
86	N-acetyl-L-phenylalanine	0.07603349424942077	0.6594013705910755	0.620711490263689	5.370820427394265e-05	0.7731639073703664	0.00020094570533333298
286	13-Tetradecynoic acid	0.27814689865914977	0.10046990942687178	0.620453264302179	5.420606220163478e-05	0.27516758775867123	0.00020094570533333298
284	Oleamide	0.35765309839175113	0.03222645410204746	0.6191266590759609	5.683012463723721e-05	0.1622319255462816	0.0002065015419986738
63	Ethyl 2-amino-4-methylpentanoate	0.17305353901168014	0.31282206172847526	0.6192209133755118	5.663996745142913e-05	0.4502184182523546	0.0002065015419986738
227	Palmitoleamide	0.42918707508231135	0.009000736919493097	0.6182747124600722	5.8575272409991626e-05	0.07028234998838226	0.00021075612720065614
159	Palmitoylputrescine	0.38601507935148277	0.02005636286824524	0.6163650315156858	6.2664265696011e-05	0.12035754657578611	0.0002220474105105133
305	N-(2-hydroxyethyl)octadecanamide	0.2647515052002085	0.11865599274569927	0.6162477844388672	6.292351687491385e-05	0.30001739310409276	0.0002220474105105133
224	Linoleoyl ethanolamide (Linoleamide MEA)	0.27508079703928223	0.10443230481192073	0.6159428065330376	6.360241236782074e-05	0.27575312131003665	0.00022230557465704963
263	 Oleoyl ethanolamide	0.32410472282400266	0.05380379282781699	0.6152795039199286	6.510184634451056e-05	0.20562387840510657	0.0002253997887588243
353	Ethyl palmitoleate	0.5027830102491073	0.001776861308751888	0.6140981249802431	6.785167406420349e-05	0.02508108078122857	0.00023272490076226804
24	Uracil	0.2671857863040115	0.11518012630360107	0.6134016006727504	6.952164332162113e-05	0.2956021423316195	0.00023624484350958288
287	4-(2,2,4-Trimethylcyclohex-3-enyl)but-3-en-2-one	0.2767431041229974	0.10226961714798068	0.6127589539901143	7.10952458053156e-05	0.27575312131003665	0.0002393757358766131
285	Tridecadienoic acid	0.2737556273728991	0.10618107681310497	0.6124936329448707	7.175423980413685e-05	0.2783461085029252	0.0002393982364374384
214	LPG(18:2(9Z,12Z)/0:0)	0.09596913042926368	0.5776770167125607	0.6119309342369613	7.31701246082182e-05	0.6951064430606878	0.00024192284442537006
322	N-oleoyl isoleucine (Isoleucine)	0.26729570089976773	0.11502500584868286	0.6100428974857861	7.810700033837823e-05	0.2956021423316195	0.0002559399028945072
241	Linoleoyl sarcosine	0.22984023224772707	0.17749532955718392	0.6080697503270293	8.358564272523086e-05	0.3497625453549038	0.0002707055101612212
265	(4E,8E)-5,9,13-trimethyltetradeca-4,8,12-trien-2-one	0.22452670470738517	0.1880065919175494	0.607894586676489	8.408836010457551e-05	0.3497625453549038	0.0002707055101612212
299	N-(4-hydroxyphenethyl)oleamide	0.6174548063319469	6.030035818038606e-05	0.6047573987596926	9.356604289748956e-05	0.0027662789315252108	0.0002985977195076406
61	Leucyl-Isoleucine 	0.1528862039234661	0.3733622923443204	0.6043962937787541	9.471653574065287e-05	0.5112834376506178	0.0002996635225587897
267	Elmiric acid	0.25338868895309574	0.13592621562074697	0.6036281378883047	9.720640243205843e-05	0.3205682956389309	0.0003049123905347474
313	N-palmitoyl leucine	0.26560660373447764	0.11742617797371015	0.5992993874462663	0.00011237271926630118	0.2992736619191085	0.0003465612434515339
185	7-oxooctadecanoate	0.3800915172096176	0.022216859640096617	0.5994569265059615	0.00011178543576208612	0.12543980750639167	0.0003465612434515339
199	LysoPE(18:1(9Z)/0:0)	0.6054961321673549	9.125155421168518e-05	0.5969723517981195	0.00012137709207615356	0.00372103559952094	0.00036814374208221786
273	N-(nonylideneamino)nonanamide	0.39060236415059335	0.018506126705907646	0.5970050433352302	0.0001212462259968163	0.1151143813740357	0.00036814374208221786
320	Gama-Tocotrienol	0.3956488375478101	0.016917659413332276	0.5957223038661117	0.00012647742696645167	0.11087108936951688	0.0003804689811203915
103	Pratensein	0.35260566511124186	0.034923367832806945	0.5877768717776359	0.00016365480541877137	0.16864310519263354	0.0004883033625096674
34	Coumarate	0.1307736725988404	0.4471205495303564	0.5846567567005094	0.00018075298070223611	0.5881478196331211	0.0005349705154654891
278	N-Oleoylsarcosine	0.22958404248860387	0.17799232529017858	0.5839327364861057	0.00018494272922224656	0.3497625453549038	0.0005429918529965159
33	Phenacylamine	0.12363080104761946	0.4725297926667035	0.5817154238289314	0.000198321182085494	0.6106282884108457	0.0005776497922648912
48	Vitamin L2	0.4823151692109498	0.0028923665363389623	0.5795635489826623	0.00021212779414619113	0.03660339720125514	0.0006129992161547413
207	13-oxooctadeca-9,11-dienoic acid	0.24359751148208522	0.15223738502495826	0.5792972666261345	0.0002138948233789556	0.33188936513527006	0.0006132765639068493
164	N-(3-aminopropyl)octadec-9-enamide	0.4523037433188519	0.0056126994623537305	0.5753159228635857	0.00024193459275764212	0.057038040302923206	0.0006882945390856949
32	Tyrosine	0.1530049576950925	0.37298675252505786	0.572128260382531	0.0002667095648676972	0.5112834376506178	0.0007529416177418837
229	n-Linoleoyl tyrosine	0.22898716072107	0.17915408249197878	0.568566085525945	0.00029705980227098295	0.3497625453549038	0.0008322209727744332
97	5-Ethyl-2,3-dimethylpyrazine	0.19870884890903145	0.24531390168604442	0.5603801740508763	0.0003787978372726581	0.39143566051642736	0.0010469790623316322
6	Glutamin	0.21377015605655755	0.21061119324735528	0.5603239120356357	0.0003794229299457959	0.3633809336733377	0.0010469790623316322
174	Palmitoylethanolamide	0.07773616281509341	0.6522495316676957	0.558556824161588	0.0003995302266733905	0.7672294170578344	0.0010942357700681664
43	DL-Phenylalanine (Sabiden)	0.2964381799214223	0.07916370463114486	0.5488149824158893	0.0005284026622941005	0.2399574134244914	0.001419180671510037
192	N-(2-hydroxyethyl)nonadecanamide	0.22492396489256825	0.18720589079232336	0.5489492426090263	0.0005264011019948794	0.3497625453549038	0.001419180671510037
319	tert-butyl N-[1-[[1-[(1-cyclohexyl-3-oxopropan-2-yl)amino]-1-oxopropan-2-yl]amino]-1-oxo-3-phenylpropan-2-yl]carbamate	0.3323327410082778	0.047668194683208535	0.5487231306400407	0.0005297758909996596	0.19598487377240045	0.001419180671510037
332	10-(3-octyloxiran-2-yl)decanoic acid	0.2680675518826484	0.11394012358310446	0.5461451132384287	0.0005696362442075766	0.2956021423316195	0.0015140377294392538
70	2-(4-aminoanilino)propanoate	0.2012984270157516	0.23909024167469098	0.5459077676038574	0.0005734366332208618	0.3899827497538293	0.0015140377294392538
0	Lysinium	0.1281458862692647	0.4563809225246214	0.536971087224226	0.0007339760911988694	0.596056222656712	0.001924065896214179
341	N-(2-Phenylethyl)hexadecanamide	0.7517199837931728	1.2618350273635603e-07	0.5363614955365646	0.0007462534353644064	2.315467275212133e-05	0.001942375962969767
77	2-Vinylquinoline	0.029056498522232497	0.8664089419691889	0.5356301680402474	0.0007612224793889881	0.9185552128210261	0.0019646305887426494
373	Lecithin	-0.3317803458696957	0.048061685666256244	-0.5354230445502309	0.0007655100114174355	0.19598487377240045	0.0019646305887426494
172	Ethyl 3-oxo-2-pentylcyclopentane-1-carboxylate	0.20210355844441602	0.23717710643741052	0.5312409721866417	0.0008567825738662175	0.38858927706486457	0.002183605587561818
256	(1-(tert-Butoxycarbonyl)-4-(ethoxycarbonyl)-1H-indol-2-yl)boronic acid	0.24479295859145078	0.15017301117891074	0.530244108919352	0.0008799109021492252	0.33188936513527006	0.0022270848350949357
167	Linoleamide 	0.5121546698350804	0.0014071524211994495	0.5293608586448912	0.0009008630341331158	0.024290731524021236	0.0022644981748414623
221	9-Octadecen-16-ynoic acid	0.29999968018267337	0.07545750717288682	0.5289210050996829	0.0009114607344102437	0.23271348850797868	0.0022755516294459825
212	1-oleoyl-sn-glycero-3-phosphoserine	0.4095518670708161	0.013120842148237109	0.5271889115397578	0.0009542731717676478	0.10031977225839624	0.0023663395543157212
335	cis-11-Eicosenamide	0.31204802334164133	0.06391396558221893	0.5261316327180761	0.000981271157624274	0.22339452732070805	0.0024169564754906617
187	(5Z,9E)-6,10,14-trimethylpentadeca-5,9,13-trien-1-yne	0.3097631957134157	0.06598863860139041	0.5250728593024198	0.0010089815157185045	0.226334863240283	0.0024686414417912743
31	Isonicotinamide	0.40120209100762166	0.015303325579982768	0.5233779717553055	0.0010547807599126835	0.10620431745513338	0.0025467403874207557
366	PE(18:3(9Z,12Z,15Z)	-0.21318626428768664	0.21188969974412603	-0.523501259477236	0.0010513884344941814	0.3633809336733377	0.0025467403874207557
272	2-Dodecyl-1H-quinolin-4-one	0.08055714777735515	0.6404675410846858	0.5220053704557013	0.001093206499033822	0.7557928861031502	0.002622266569577861
188	Farnesyl acetone	0.30733592290390066	0.06825032868095776	0.5160494329988189	0.0012746304666990758	0.22800658163435658	0.0030375933849257197
2	Arginine	0.15608478441833246	0.363325498625132	0.5109897379623479	0.0014490767112176023	0.505077492406907	0.003431039696882968
20	O-acetyl-L-carnitine	0.016711244764935525	0.9229364655016103	0.5089842837317264	0.0015238286217241135	0.9408824523308082	0.0035849045139278823
365	N-phenethyloctadecanamide	0.698009612608857	2.2186521089652914e-06	0.5078136524850452	0.0015690122466065206	0.00016284906479805238	0.003667691047799956
387	Ethylene dioleamide	0.3346125940747206	0.04607144761711539	0.5001619250888589	0.0018944377627910728	0.19598487377240045	0.004400371259141289
157	N-(3-aminopropyl)hexadecanamide	0.33645770172097605	0.04481092122225331	0.4981246505536188	0.0019904819625862643	0.19347774221843486	0.0045943828947745844
45	3-hydroxyanthranilic acid	0.3815438000480852	0.021670067836732337	0.49323948265080286	0.0022383531168692233	0.12426429525126201	0.005134222461818781
137	N-[2-[[(Z)-heptadec-12-en-10-ynyl]-methylamino]ethyl]-N-methylacetamide	0.6015493923824783	0.00010424274504427592	0.4911497017951562	0.002352372998951768	0.0038257087431249263	0.0053622415566167625
153	2-[[(2S)-2-amino-6-(tert-butylamino)hexanoyl]amino]-6-(tert-butylamino)hexanoic acid	0.5831445714769657	0.00018960251090384633	0.4895233782792783	0.0024445868746701344	0.006325829227428328	0.0055380455740983905
92	Daidzein	0.19321777203193752	0.2588672728773913	0.48832338377086176	0.00251463700278972	0.3991776854874059	0.0056617900614958725
255	Alpha-linolenic acid (alpha-LA)	0.16443847871646125	0.3378832562496312	0.4833133861594819	0.0028263807701012426	0.4787766604000566	0.0063248886745558295
168	tert-butyl N-[1-[[1-(2-hydroxyphenyl)-2-(4-methoxyanilino)-2-oxoethyl]-methylamino]-4-methyl-1-oxopentan-2-yl]carbamate	0.25859529540373255	0.12779619554888058	0.4811597155492843	0.0029704186592420107	0.3135561831261794	0.006606931199647382
169	LysoPE(18:2(9Z,12Z) (Lysophosphatidylethanolamine)	0.302756152955412	0.07268302532816392	0.48062907345879713	0.0030068744867247526	0.22800658163435658	0.006647728533903519
232	Octadeca-9,12,15-trien-2-one	0.281891907675107	0.09578662306335964	0.47560366426456624	0.003371901036887646	0.2740893929597672	0.007322412310874355
9	Choline alfoscerate	0.3128314953383878	0.06321452128095147	0.47566311628620506	0.003367367164071562	0.2230743202895114	0.007322412310874355
67	Tetramethylpyrazine	0.11532132380428317	0.5030180820822117	0.4760248930974908	0.003339891744351119	0.630060191550074	0.007322412310874355
194	2-[[2-[(2-Azaniumyl-4-methylpentanoyl)amino]-3-methylbutanoyl]amino]-4-methylpentanoate	0.24185794240764133	0.15527812059156457	0.47399604732770695	0.0034965276862258983	0.33188936513527006	0.007548386240264145
190	(9E,11E)-Octadecadienoic acid	0.30208457356177465	0.0733515295231068	0.4737307262824633	0.0035174760846828365	0.2281356892794932	0.007549203058939187
254	Anandamide (18:4, n-3)	0.17028203627811106	0.3207533948963395	0.4732000841919761	0.0035597001084370396	0.45983006221467426	0.007595406626723218
253	Palmitoylglycine	0.24349162282846265	0.1524212297965542	0.47165431013842685	0.0036852180753646174	0.33188936513527006	0.00781777476103361
270	Margaroylglycine	0.22817293646870737	0.18074753873359992	0.4712768659081624	0.0037164439271051256	0.3497625453549038	0.007838706443951616
247	N-Oleoyl-L-Serine	0.2642698361119755	0.11935296837383527	0.4672037408406071	0.00406829488305958	0.30001739310409276	0.008531795554759235
94	2,3-dimethyl-5-isopropylpyrazine	0.13901362152717656	0.41875520667231975	0.4646837638134193	0.004300133889945452	0.5629419811309206	0.008966756463693073
198	Dodecadienoic acid isobutylamide	0.4434702588317183	0.006748206434046174	0.4608594450408559	0.004673801745225978	0.05896647050702252	0.00969087706496008
42	Indoline	0.25322582531479726	0.1361865326295701	0.45913072859426896	0.004851716336697021	0.3205682956389309	0.010003257840268577
195	Alpha-Linolenoyl ethanolamide	0.22946157508161996	0.17823025528126601	0.4582094451357122	0.004948899250239094	0.3497625453549038	0.010146625837082389
307	N-Stearoylglycine	0.2481836001684953	0.1444288506610243	0.4484745015897201	0.006082926647476559	0.33188936513527006	0.012373735218219838
296	n-Oleoyl serinol	0.24236291893909184	0.15439093150637762	0.44832009098390296	0.006102577859667005	0.33188936513527006	0.012373735218219838
177	n-Stearoyl histidine	0.24592694839725784	0.14823367799373868	0.44617104457605566	0.00638179723752328	0.33188936513527006	0.012868788935005735
306	(2R)-3-methyl-2-[[(Z)-octadec-9-enoyl]amino]butanoic acid	0.24869650491838816	0.1435741291228546	0.4451578967255083	0.006517193850905452	0.33188936513527006	0.013070000782963394
202	N-(9Z,12Z,15Z)-octadecatrienoylglycinate	0.23777644228836095	0.16258490201736311	0.4437647343618234	0.006707398381639733	0.34096376594498434	0.013306028140874497
200	Lysolecithin	0.5274086668088929	0.0009487447916132929	0.44388210869255734	0.006691191916898798	0.01934385214011547	0.013306028140874497
235	n-palmitoylserine	0.24452483829767319	0.1506342350912561	0.44132263283624723	0.007052315271449448	0.33188936513527006	0.013915052175386813
17	Adenine	-0.024635370708268753	0.8865925524325434	0.4326528838681748	0.008402380293311367	0.9236460149662911	0.016490232982060277
369	Docosanoyl Ethanolamide	0.24218543480369312	0.15470233173508624	0.43068204761766593	0.008738325298299203	0.33188936513527006	0.01705832651316919
189	13-Octadecen-2-one, 1,1,1-trifluoro-, (13Z)-	0.2537916201697841	0.1352837578734967	0.42703422231958826	0.009390411146165172	0.3205682956389309	0.018234290426680518
186	N-(3-Aminopropyl)stearamide	0.34564900727220293	0.03893916558723729	0.42544623175368507	0.00968696877315608	0.17642807124093932	0.018711144946043586
151	N-palmitoyl lysine	0.2575567270212547	0.12938834274223793	0.4170760534037421	0.011385195130538484	0.31447365421457824	0.021876264989045147
211	Glutamic acid lineolamide	0.23793974658610803	0.16228787804366154	0.41637831011072035	0.011537499214171222	0.34096376594498434	0.02205344901875437
105	Soyasaponin V	0.2958699637864644	0.07976785950350941	0.41551949641819846	0.01172732846191559	0.2399574134244914	0.02230015308561151
44	Vitamin B5	0.09608985962748291	0.5771962626318267	0.4131406798592624	0.012266997286013168	0.6951064430606878	0.023206123731787796
100	Genistein	0.09961409329228334	0.5632424907404671	0.4117782622180807	0.012585435197158133	0.6867441664510013	0.023686434447984794
282	N2,N2-Dimethyl-N6-oleoyl-DL-lysine	0.2435690722858235	0.1522867455560141	0.41079636376654644	0.012819242442950773	0.33188936513527006	0.02400337743144354
59	Phenylalanylproline	-0.016888866356494055	0.9221198438639704	0.4068225359326252	0.013803313882135857	0.9408824523308082	0.025496606279387022
65	Daidzin	-0.1901561505030637	0.2666352386961138	-0.40673716235845214	0.013825135285008222	0.40269601893610596	0.025496606279387022
133	Octadeca-8,10,12,14,16-pentaenoic acid	0.1212293508781387	0.48123972520259634	0.4071245022754613	0.013726364408144528	0.6195592800473922	0.025496606279387022
222	CPA(18:2(9Z,12Z)/0:0)	0.0418927927068784	0.8083212301347019	0.40428033390752355	0.014465675386977106	0.8776742350870875	0.026544514335102985
293	15-oxo-11Z,13E-eicosadienoate	0.1394882555658739	0.41715277060783346	0.40378991934729924	0.014596481782710538	0.5628495103421871	0.026651287633108298
39	L-Norleucine	0.13602798607476707	0.428914156618728	0.401147727925032	0.015318477517620764	0.5683960481891089	0.02783109529191495
161	8,11,14-Eicosatrienoic acid	0.1581771794685265	0.35684793788091246	0.3997503202028126	0.015712309388437432	0.501774686598831	0.028405997761362257
148	Isoleukotoxin	0.20607483198875154	0.22789196993986252	0.39941840937190864	0.0158070913348564	0.37844503605397983	0.02843726725437401
275	Anandamide (20:3, n-3)	0.10629845509381028	0.5372121784946836	0.397798731983759	0.016276529400366255	0.6593875234366183	0.0291389575118752
311	Anandamide (20:2, n-6)	0.11791293737703491	0.4934040244094085	0.39719036955262255	0.01645584903263841	0.6265718925891105	0.02931697376203057
16	n5-acetyl-l-ornithine	0.2751621608231446	0.10432564852403209	0.3949112903153816	0.017142424567706153	0.27575312131003665	0.03039260780844521
226	Docosatetraenoyl Ethanolamide	0.05139178891728313	0.7659586889691282	0.386414467372613	0.01991722882692398	0.8539472640768448	0.03514241817058221
120	2,2'-[(Dodecylimino)bis(ethyleneoxy)]diethan	0.3190272800713142	0.05789372407412812	0.3850113965527001	0.020409592718095726	0.21036630430896058	0.0358388541987614
344	1-eicosenoyl-glycerol	0.06964838750350354	0.6864825899957643	0.3818620413243386	0.021551754593892043	0.7882320412070823	0.037664256837897044
171	2-[[2-[[6-amino-2-[(2-amino-3-phenylpropanoyl)amino]hexanoyl]amino]-3-hydroxybutanoyl]amino]-3-(4-hydroxyphenyl)propanoic acid	0.17465827980277407	0.30828660642386396	0.3791103005065131	0.022592738762935667	0.4454377344785751	0.039262358855241104
206	4-[[(6Z,9Z,12Z)-octadeca-6,9,12-trienoyl]amino]butanoic acid	0.21772464678353334	0.20209254524295248	0.37860811449639853	0.022787145602633122	0.3565767505007863	0.039262358855241104
225	N-oleoyl glutamine	0.14217705267334538	0.4081404156261365	0.37887460811080204	0.022683808195798297	0.5547686390177485	0.039262358855241104
121	4-[N-benzyl-C-[4-(dimethylamino)phenyl]carbonimidoyl]-N,N-dimethylaniline	-0.023311446175305867	0.8926508992084706	0.37661733617480403	0.023571524358788228	0.9236460149662911	0.04042406280222094
314	N-(3-(Decylamino)propyl)-D-gluconamide	0.03597877889790606	0.8349779927704716	0.37179069239913903	0.025566495392188637	0.8960143957507692	0.04364141306480572
381	Dilinoleoylphosphatidylcholine	-0.12079681946171979	0.48281731360641467	-0.36823888790754183	0.027121949678684948	0.6195592800473922	0.046082201537395256
308	N-Stearoyl GABA	0.11858611815252458	0.49092221183711293	0.36413383520508436	0.02901599718367689	0.6255849018896543	0.04875438718628337
258	Actinonin	0.18197966146925723	0.2881244354829217	0.36397120285349654	0.029093217421787623	0.4246653326194067	0.04875438718628337
375	(Z)-tetracos-15-enamide	-0.29686075484656493	0.07871671126001084	-0.3644419082569576	0.028870181303570303	0.2399574134244914	0.04875438718628337
